MarketCode,MarketName,MarketType,RestDateROC,RestDate
104,台北二,F,115.01.05,2026-01-05
104,台北二,F,115.01.08,2026-01-08
104,台北二,F,115.01.12,2026-01-12
104,台北二,F,115.01.19,2026-01-19
104,台北二,F,115.01.22,2026-01-22
104,台北二,F,115.01.26,2026-01-26
104,台北二,F,115.02.02,2026-02-02
104,台北二,F,115.02.09,2026-02-09
104,台北二,F,115.02.17,2026-02-17
104,台北二,F,115.02.18,2026-02-18
104,台北二,F,115.02.19,2026-02-19
104,台北二,F,115.02.20,2026-02-20
104,台北二,F,115.02.21,2026-02-21
104,台北二,F,115.02.25,2026-02-25
104,台北二,F,115.02.26,2026-02-26
104,台北二,F,115.03.04,2026-03-04
104,台北二,F,115.03.05,2026-03-05
104,台北二,F,115.03.09,2026-03-09
104,台北二,F,115.03.16,2026-03-16
104,台北二,F,115.03.23,2026-03-23
