交易日期,種類代碼,作物代號,作物名稱,市場代號,市場名稱,上價,中價,下價,平均價,交易量
115.06.15,N04,rest,休市,104,台北二,0.0,0.0,0.0,0.0,0.0
115.06.15,N06,rest,休市,104,台北二,0.0,0.0,0.0,0.0,0.0
115.06.15,N06,FA810,康乃馨-多朵紅,105,台北市場,20.0,20.0,20.0,20.0,22.0
115.06.15,N06,FA840,康乃馨-多朵粉,105,台北市場,50.0,47.0,45.0,47.5,68.0
115.06.15,N06,FA872,康乃馨-史波特,105,台北市場,36.0,36.0,36.0,36.0,36.0
115.06.15,N06,FA985,繡球撫子-綠石竹,105,台北市場,175.0,175.0,175.0,175.0,10.0
115.06.15,N06,FB000,火鶴花,105,台北市場,18.0,11.0,9.0,12.0,710.0
115.06.15,N06,FB105,火鶴花-紅綠邊,105,台北市場,8.0,7.0,7.0,7.3,90.0
115.06.15,N06,FB106,火鶴花-丘比特,105,台北市場,17.0,10.0,6.0,10.8,3108.0
115.06.15,N06,FB108,火鶴花-千里達,105,台北市場,8.0,7.0,5.0,6.8,275.0
115.06.15,N06,FB111,火鶴花-月光,105,台北市場,8.0,8.0,7.0,7.7,970.0
115.06.15,N06,FB113,火鶴花-紅鈴,105,台北市場,15.0,9.0,6.0,9.6,2719.0
115.06.15,N06,FB302,火鶴花-黃瑪莉,105,台北市場,13.0,11.0,9.0,11.2,2085.0
115.06.15,N06,FB401,火鶴花-夏粉,105,台北市場,7.0,6.0,5.0,5.7,310.0
115.06.15,N06,FB405,火鶴花-粉綠邊,105,台北市場,31.0,24.0,16.0,24.1,1135.0
115.06.15,N06,FB407,火鶴花-夢幻,105,台北市場,12.0,9.0,7.0,9.5,255.0
115.06.15,N06,FB415,火鶴花-羅莎,105,台北市場,15.0,11.0,7.0,10.9,4028.0
115.06.15,N06,FB419,火鶴花-太極,105,台北市場,18.0,11.0,7.0,11.5,943.0
115.06.15,N06,FB420,火鶴花-小紅莓,105,台北市場,18.0,16.0,14.0,15.9,151.0
115.06.15,N06,FB426,火鶴花-粉蕾絲,105,台北市場,10.0,9.0,8.0,9.0,570.0
115.06.15,N06,FB500,火鶴花-翠綠,105,台北市場,26.0,19.0,14.0,19.7,2948.0
115.06.15,N06,FB501,火鶴花-蘋果綠,105,台北市場,15.0,15.0,15.0,15.0,25.0
115.06.15,N06,FB502,火鶴花-綠紅心,105,台北市場,12.0,10.0,7.0,10.0,440.0
115.06.15,N06,FB505,火鶴花-香檳,105,台北市場,9.0,6.0,5.0,6.5,158.0
115.06.15,N06,FB507,火鶴花-綠精靈,105,台北市場,23.0,22.0,21.0,21.8,112.0
115.06.15,N06,FB600,火鶴花-白色,105,台北市場,18.0,15.0,12.0,14.7,100.0
115.06.15,N06,FB601,火鶴花-白青心,105,台北市場,12.0,11.0,8.0,10.4,235.0
115.06.15,N06,FB607,火鶴花-月亮女神,105,台北市場,8.0,8.0,8.0,8.0,180.0
115.06.15,N06,FB700,火鶴花-紫色,105,台北市場,17.0,13.0,8.0,12.5,970.0
115.06.15,N06,FB801,火鶴花-咖啡條紋,105,台北市場,24.0,21.0,14.0,20.0,190.0
115.06.15,N06,FB802,火鶴花-大地,105,台北市場,25.0,18.0,13.0,18.6,460.0
115.06.15,N06,FB805,火鶴花-黑珍珠,105,台北市場,14.0,8.0,7.0,9.1,220.0
115.06.15,N06,FC300,大菊-黃,105,台北市場,52.0,50.0,50.0,50.5,101.0
115.06.15,N06,FC316,大菊-黃精競,105,台北市場,98.0,87.0,61.0,83.7,739.0
115.06.15,N06,FC601,大菊-日本白,105,台北市場,405.0,405.0,405.0,405.0,24.0
115.06.15,N06,FC613,大菊-白天星,105,台北市場,138.0,115.0,60.0,108.2,1599.0
115.06.15,N06,FC800,大菊-染色大菊,105,台北市場,141.0,129.0,110.0,127.7,240.0
115.06.15,N06,FC804,染大菊-白天星,105,台北市場,159.0,134.0,106.0,133.4,928.0
115.06.15,N06,FD000,小菊,105,台北市場,92.0,84.0,40.0,77.1,83.0
115.06.15,N06,FD131,小菊-小紅娘,105,台北市場,95.0,68.0,48.0,69.6,939.0
115.06.15,N06,FD138,小菊-卡洛琳,105,台北市場,100.0,100.0,100.0,100.0,13.0
115.06.15,N06,FD200,小菊-金,105,台北市場,71.0,66.0,47.0,62.8,669.0
115.06.15,N06,FD300,小菊-黃,105,台北市場,116.0,97.0,65.0,94.2,653.0
115.06.15,N06,FD308,小菊-黃丁字菊,105,台北市場,112.0,112.0,112.0,112.0,54.0
115.06.15,N06,FD309,小菊-日本黃,105,台北市場,65.0,62.0,29.0,55.7,194.0
115.06.15,N06,FD422,小菊-吉祥小粉,105,台北市場,149.0,138.0,83.0,129.2,371.0
115.06.15,N06,FD456,小菊-卡洛粉,105,台北市場,127.0,109.0,90.0,108.6,513.0
115.06.15,N06,FD600,小菊-白,105,台北市場,0.0,0.0,0.0,0.0,0.0
115.06.15,N06,FD614,小菊-法國小菊白,105,台北市場,95.0,93.0,90.0,93.0,100.0
115.06.15,N06,FD625,小菊-白瑪格麗特,105,台北市場,85.0,85.0,85.0,85.0,20.0
115.06.15,N06,FD645,小菊-白斯不列,105,台北市場,218.0,182.0,91.0,171.1,1097.0
115.06.15,N06,FD801,染小菊-芬蘭,105,台北市場,150.0,134.0,82.0,126.9,292.0
115.06.15,N06,FE000,非洲菊,105,台北市場,108.0,91.0,90.0,94.4,107.0
115.06.15,N06,FE001,非洲菊-混合色,105,台北市場,135.0,95.0,61.0,96.1,497.0
115.06.15,N06,FE100,非洲菊-紅,105,台北市場,101.0,65.0,23.0,63.7,90.0
115.06.15,N06,FE110,非洲菊-卡布,105,台北市場,61.0,43.0,33.0,44.7,250.0
115.06.15,N06,FE200,非洲菊-橙,105,台北市場,115.0,115.0,115.0,115.0,13.0
115.06.15,N06,FE201,非洲菊-太陽神,105,台北市場,91.0,65.0,63.0,69.7,79.0
115.06.15,N06,FE205,非洲菊-哈利熊,105,台北市場,80.0,74.0,72.0,75.0,90.0
115.06.15,N06,FE300,非洲菊-黃,105,台北市場,105.0,105.0,105.0,105.0,20.0
115.06.15,N06,FE302,非洲菊-金爵,105,台北市場,102.0,99.0,97.0,99.4,117.0
115.06.15,N06,FE409,非洲菊-粉紅魅力,105,台北市場,85.0,80.0,72.0,79.5,80.0
115.06.15,N06,FE416,非洲菊-熱情粉,105,台北市場,135.0,95.0,61.0,96.1,865.0
115.06.15,N06,FE600,非洲菊-白,105,台北市場,55.0,38.0,26.0,39.2,388.0
115.06.15,N06,FE704,非洲菊-女王,105,台北市場,80.0,80.0,80.0,80.0,30.0
115.06.15,,FE800,,105,台北市場,161.0,98.0,73.0,105.4,591.0
115.06.15,N06,FE900,非洲菊-迷你混色,105,台北市場,155.0,129.0,103.0,129.0,924.0
115.06.15,N06,FE910,非洲菊-迷你紅,105,台北市場,130.0,130.0,130.0,130.0,11.0
115.06.15,N06,FE920,非洲菊-迷你橙,105,台北市場,83.0,83.0,83.0,83.0,20.0
115.06.15,N06,FE940,非洲菊-迷你粉,105,台北市場,115.0,103.0,72.0,99.0,136.0
115.06.15,N06,FE960,非洲菊-迷你白,105,台北市場,140.0,121.0,73.0,115.1,142.0
115.06.15,N06,FG101,劍蘭-４號,105,台北市場,56.0,56.0,56.0,56.0,54.0
115.06.15,N06,FG105,劍蘭-２３５號,105,台北市場,47.0,46.0,41.0,45.0,96.0
115.06.15,N06,FG113,劍蘭-新種紅,105,台北市場,71.0,69.0,51.0,65.3,107.0
115.06.15,N06,FG121,劍蘭-２６５號,105,台北市場,112.0,103.0,86.0,101.6,178.0
115.06.15,N06,FG406,劍蘭-青殼粉,105,台北市場,87.0,78.0,45.0,73.2,121.0
115.06.15,N06,FH000,其它花卉,105,台北市場,148.0,56.0,29.0,69.0,1326.0
115.06.15,N06,FH003,柔麗絲,105,台北市場,78.0,78.0,78.0,78.0,24.0
115.06.15,N06,FH004,八卦草(黃河),105,台北市場,57.0,57.0,57.0,57.0,30.0
115.06.15,N06,FH005,金鎚花,105,台北市場,52.0,52.0,52.0,52.0,37.0
115.06.15,N06,FH006,黃梔花,105,台北市場,58.0,30.0,23.0,34.4,1615.0
115.06.15,N06,FH007,松蟲草,105,台北市場,155.0,155.0,155.0,155.0,34.0
115.06.15,N06,FH008,洋甘菊,105,台北市場,160.0,146.0,90.0,137.5,212.0
115.06.15,N06,FH009,萬壽菊,105,台北市場,178.0,117.0,65.0,118.7,101.0
115.06.15,N06,FH050,水仙百合-混色,105,台北市場,210.0,179.0,155.0,179.4,27.0
115.06.15,N06,FH052,水仙百合-橙,105,台北市場,230.0,190.0,160.0,191.8,44.0
115.06.15,N06,FH053,水仙百合-黃,105,台北市場,210.0,210.0,210.0,210.0,12.0
115.06.15,N06,FH054,水仙百合-粉,105,台北市場,255.0,246.0,220.0,241.9,32.0
115.06.15,N06,FH057,水仙百合-紫,105,台北市場,270.0,254.0,240.0,253.6,22.0
115.06.15,N06,FH101,天堂鳥,105,台北市場,150.0,150.0,150.0,150.0,40.0
115.06.15,N06,FH112,小天堂鳥-桔帶紅,105,台北市場,50.0,40.0,25.0,39.3,150.0
115.06.15,N06,FH114,小天堂鳥-粉紅,105,台北市場,85.0,72.0,49.0,70.2,85.0
115.06.15,N06,FH137,觀音蓮,105,台北市場,38.0,38.0,38.0,38.0,62.0
115.06.15,N06,FH139,石玫瑰,105,台北市場,54.0,52.0,50.0,52.0,100.0
115.06.15,N06,FH140,薑荷花,105,台北市場,80.0,79.0,78.0,79.2,60.0
115.06.15,N06,FH158,紅薑花,105,台北市場,122.0,80.0,47.0,81.8,353.0
115.06.15,N06,FH210,夕霧草,105,台北市場,102.0,92.0,85.0,92.4,37.0
115.06.15,N06,FH231,夜來香-單瓣,105,台北市場,100.0,100.0,100.0,100.0,24.0
115.06.15,N06,FH232,夜來香-重瓣,105,台北市場,100.0,84.0,55.0,81.6,90.0
115.06.15,N06,FH251,秀線,105,台北市場,72.0,58.0,35.0,56.3,265.0
115.06.15,N06,FH270,千日紅,105,台北市場,88.0,72.0,40.0,69.0,130.0
115.06.15,N06,FH293,向日葵-單瓣,105,台北市場,238.0,167.0,93.0,166.3,1081.0
115.06.15,N06,FH294,向日葵-重瓣,105,台北市場,283.0,185.0,125.0,192.4,139.0
115.06.15,N06,FH301,波斯菊,105,台北市場,150.0,57.0,50.0,74.1,35.0
115.06.15,N06,FH306,白日草,105,台北市場,74.0,58.0,52.0,59.6,40.0
115.06.15,N06,FH312,大理花-橘色,105,台北市場,65.0,59.0,50.0,58.6,14.0
115.06.15,N06,FH314,大理花-粉色,105,台北市場,92.0,84.0,75.0,83.5,14.0
115.06.15,N06,FH316,大理花-白色,105,台北市場,78.0,78.0,78.0,78.0,12.0
115.06.15,N06,FH330,雞冠花,105,台北市場,128.0,128.0,128.0,128.0,24.0
115.06.15,N06,FH331,雞冠花-清紅,105,台北市場,130.0,98.0,90.0,102.4,56.0
115.06.15,N06,FH358,珊瑚鳳梨,105,台北市場,27.0,22.0,19.0,22.2,600.0
115.06.15,N06,FH364,金魚草-粉色,105,台北市場,34.0,34.0,34.0,34.0,54.0
115.06.15,N06,FH366,金魚草-白色,105,台北市場,135.0,112.0,85.0,111.3,40.0
115.06.15,N06,FH368,金魚草-雙色,105,台北市場,125.0,125.0,125.0,125.0,9.0
115.06.15,N06,FH376,小飛燕草,105,台北市場,168.0,159.0,114.0,151.5,236.0
115.06.15,N06,FH381,麒麟草,105,台北市場,101.0,73.0,58.0,75.6,1024.0
115.06.15,N06,FH460,繡球花,105,台北市場,113.0,67.0,28.0,68.1,344.0
115.06.15,N06,FH464,繡球花-粉,105,台北市場,93.0,87.0,80.0,86.8,312.0
115.06.15,N06,FH465,繡球花-綠色,105,台北市場,98.0,97.0,95.0,97.0,60.0
115.06.15,N06,FH466,繡球花-白,105,台北市場,69.0,58.0,42.0,56.7,192.0
115.06.15,N06,FH522,迥香-白,105,台北市場,192.0,149.0,107.0,149.3,70.0
115.06.15,N06,FH633,海芋-黃,105,台北市場,160.0,131.0,86.0,127.6,82.0
115.06.15,N06,FH660,天鵝絨,105,台北市場,110.0,110.0,110.0,110.0,8.0
115.06.15,N06,FH661,伯利恆之星,105,台北市場,258.0,238.0,205.0,235.2,57.0
115.06.15,N06,FH670,茉莉花,105,台北市場,19.0,17.0,16.0,17.5,780.0
115.06.15,N06,FH710,深山櫻,105,台北市場,107.0,100.0,64.0,94.4,574.0
115.06.15,N06,FH750,百子蓮(愛情花),105,台北市場,65.0,61.0,42.0,58.1,391.0
115.06.15,N06,FH795,藍星花-藍色,105,台北市場,700.0,700.0,700.0,700.0,14.0
115.06.15,N06,FH900,紫嬌花,105,台北市場,53.0,52.0,52.0,52.5,51.0
115.06.15,N06,FL123,LA百合-橙三朵,105,台北市場,145.0,145.0,145.0,145.0,18.0
115.06.15,N06,FL129,LA百合-橙多朵,105,台北市場,158.0,156.0,152.0,155.3,96.0
115.06.15,N06,FM042,重瓣百合-粉雙朵,105,台北市場,300.0,300.0,300.0,300.0,36.0
115.06.15,N06,FM043,重瓣百合-粉三朵,105,台北市場,304.0,304.0,304.0,304.0,28.0
115.06.15,N06,FM049,重瓣百合-粉多朵,105,台北市場,311.0,311.0,311.0,311.0,36.0
115.06.15,N06,FM119,重瓣百合-達琳達多朵,105,台北市場,351.0,351.0,351.0,351.0,64.0
115.06.15,N06,FM183,重瓣百合-安諾斯卡三朵,105,台北市場,490.0,490.0,490.0,490.0,10.0
115.06.15,N06,FM189,重瓣百合-安諾斯卡多朵,105,台北市場,485.0,485.0,485.0,485.0,8.0
115.06.15,N06,FM213,重瓣百合-艾蓮娜三朵,105,台北市場,240.0,206.0,177.0,205.6,22.0
115.06.15,N06,FM219,重瓣百合-艾蓮娜多朵,105,台北市場,209.0,168.0,168.0,176.2,59.0
115.06.15,N06,FM289,重瓣百合-莎曼莎多朵,105,台北市場,371.0,371.0,371.0,371.0,8.0
115.06.15,N06,FO000,蘭花,105,台北市場,328.0,204.0,137.0,215.8,215.0
115.06.15,N06,FO002,腎藥蘭,105,台北市場,250.0,250.0,250.0,250.0,7.0
115.06.15,N06,FO003,腎藥蘭-曼谷火焰,105,台北市場,370.0,279.0,200.0,281.5,114.0
115.06.15,N06,FO006,腎藥蘭-深紅色,105,台北市場,250.0,234.0,220.0,233.6,22.0
115.06.15,N06,FO007,千代蘭,105,台北市場,219.0,143.0,77.0,144.7,456.0
115.06.15,N06,FO009,萬代蘭,105,台北市場,230.0,163.0,99.0,163.5,194.0
115.06.15,N06,FO013,黃后蘭,105,台北市場,50.0,50.0,50.0,50.0,70.0
115.06.15,N06,FO014,樹蘭,105,台北市場,41.0,35.0,34.0,36.2,150.0
115.06.15,N06,FO020,萬代蘭-巨輪混色,105,台北市場,60.0,45.0,41.0,47.3,81.0
115.06.15,N06,FO024,萬代蘭-巨輪粉,105,台北市場,95.0,95.0,95.0,95.0,24.0
115.06.15,N06,FO027,萬代蘭-巨輪紫,105,台北市場,98.0,72.0,56.0,73.9,321.0
115.06.15,N06,FO331,大文心蘭,105,台北市場,120.0,98.0,87.0,100.2,15.0
115.06.15,N06,FO335,檸檬綠文心蘭,105,台北市場,218.0,156.0,86.0,154.5,1232.0
115.06.15,N06,FO336,文心蘭-太陽之子,105,台北市場,180.0,180.0,170.0,178.2,51.0
115.06.15,N06,FO340,文心蘭-愛琳娜,105,台北市場,360.0,296.0,143.0,280.1,73.0
115.06.15,N06,FO341,文心蘭-月光旋律,105,台北市場,220.0,220.0,220.0,220.0,21.0
115.06.15,N06,FO343,文心蘭-舞王,105,台北市場,200.0,175.0,170.0,179.0,20.0
115.06.15,N06,FO362,文心蘭-夏雪,105,台北市場,260.0,260.0,260.0,260.0,22.0
115.06.15,N06,FO600,蝴蝶蘭-混色,105,台北市場,60.0,60.0,60.0,60.0,24.0
115.06.15,N06,FO610,蝴蝶蘭-紅色,105,台北市場,50.0,45.0,40.0,45.1,39.0
115.06.15,N06,FO630,蝴蝶蘭-黃色,105,台北市場,70.0,67.0,65.0,67.5,59.0
115.06.15,N06,FO640,蝴蝶蘭-粉色,105,台北市場,36.0,31.0,31.0,32.2,156.0
115.06.15,N06,FO663,蝴蝶蘭-白黃心,105,台北市場,78.0,41.0,24.0,45.1,535.0
115.06.15,N06,FR000,玫瑰,105,台北市場,549.0,360.0,140.0,353.9,131.0
115.06.15,N06,FR001,玫瑰-混合色,105,台北市場,100.0,87.0,70.0,85.0,12.0
115.06.15,N06,FR100,玫瑰-紅,105,台北市場,167.0,100.0,75.0,108.2,151.0
115.06.15,N06,FR111,玫瑰-新櫻紅,105,台北市場,138.0,117.0,99.0,117.5,57.0
115.06.15,N06,FR112,玫瑰-紅衣武士,105,台北市場,131.0,112.0,98.0,112.8,19.0
115.06.15,N06,FR116,玫瑰-翡翠紅,105,台北市場,410.0,237.0,95.0,243.3,361.0
115.06.15,N06,FR117,玫瑰-萬年紅,105,台北市場,121.0,72.0,36.0,74.6,492.0
115.06.15,N06,FR120,玫瑰-埔里之星,105,台北市場,160.0,134.0,83.0,128.8,66.0
115.06.15,N06,FR122,玫瑰-卡門,105,台北市場,160.0,127.0,78.0,123.7,69.0
115.06.15,N06,FR200,玫瑰-橙,105,台北市場,238.0,205.0,131.0,196.6,54.0
115.06.15,N06,FR208,玫瑰-香吉士,105,台北市場,437.0,271.0,120.0,276.7,58.0
115.06.15,N06,FR210,玫瑰-牡丹桔,105,台北市場,590.0,501.0,364.0,491.2,34.0
115.06.15,N06,FR211,玫瑰-馬卡龍,105,台北市場,340.0,282.0,140.0,266.0,31.0
115.06.15,N06,FR300,玫瑰-黃,105,台北市場,434.0,253.0,199.0,279.5,118.0
115.06.15,N06,FR400,玫瑰-粉,105,台北市場,355.0,243.0,109.0,238.6,194.0
115.06.15,N06,FR408,玫瑰-黛安娜粉,105,台北市場,188.0,143.0,95.0,142.2,104.0
115.06.15,N06,FR417,玫瑰-甜心,105,台北市場,290.0,290.0,290.0,290.0,6.0
115.06.15,N06,FR434,玫瑰-卡蜜拉,105,台北市場,187.0,135.0,92.0,135.7,47.0
115.06.15,N06,FR436,玫瑰-翡翠粉,105,台北市場,451.0,179.0,84.0,214.2,264.0
115.06.15,N06,FR438,玫瑰-維納斯,105,台北市場,470.0,410.0,327.0,405.3,60.0
115.06.15,N06,FR439,玫瑰-翡翠香檳,105,台北市場,645.0,441.0,236.0,441.1,129.0
115.06.15,N06,FR452,玫瑰-珍愛你,105,台北市場,270.0,161.0,143.0,181.2,28.0
115.06.15,N06,FR457,玫瑰-寶貝粉,105,台北市場,444.0,304.0,148.0,300.8,56.0
115.06.15,N06,FR461,玫瑰-新娘粉,105,台北市場,506.0,470.0,380.0,453.5,12.0
115.06.15,N06,FR500,玫瑰-綠,105,台北市場,450.0,450.0,450.0,450.0,10.0
115.06.15,N06,FR600,玫瑰-白,105,台北市場,289.0,218.0,100.0,208.3,75.0
115.06.15,N06,FR607,玫瑰-翡翠白,105,台北市場,379.0,271.0,98.0,257.5,407.0
115.06.15,N06,FR700,玫瑰-紫,105,台北市場,420.0,358.0,190.0,338.4,78.0
115.06.15,N06,FR705,玫瑰-紫天王,105,台北市場,181.0,138.0,110.0,141.1,229.0
115.06.15,N06,FR711,玫瑰-天堂紫,105,台北市場,211.0,184.0,84.0,168.4,67.0
115.06.15,N06,FR712,玫瑰-拿鐵,105,台北市場,150.0,139.0,130.0,139.1,11.0
115.06.15,N06,FR713,玫瑰-蒙馬特,105,台北市場,328.0,227.0,140.0,230.0,76.0
115.06.15,N06,FR715,玫瑰-紫霧,105,台北市場,299.0,250.0,193.0,248.6,45.0
115.06.15,N06,FR814,玫瑰-山中傳奇,105,台北市場,400.0,400.0,400.0,400.0,5.0
115.06.15,N06,FR816,玫瑰-愛麗絲,105,台北市場,460.0,353.0,280.0,363.5,23.0
115.06.15,N06,FR818,玫瑰-潘朵拉,105,台北市場,400.0,370.0,350.0,375.0,8.0
115.06.15,N06,FR900,玫瑰-多朵混合,105,台北市場,680.0,680.0,680.0,680.0,3.0
115.06.15,N06,FR930,玫瑰-多朵黃,105,台北市場,346.0,238.0,160.0,243.9,41.0
115.06.15,N06,FR931,玫瑰-泡泡金(金黃),105,台北市場,1000.0,1000.0,1000.0,1000.0,2.0
115.06.15,N06,FR934,玫瑰-卡特琳娜,105,台北市場,1200.0,1200.0,1200.0,1200.0,2.0
115.06.15,N06,FR940,玫瑰-多朵粉,105,台北市場,280.0,235.0,214.0,239.5,150.0
115.06.15,N06,FR942,玫瑰-心動雙粉,105,台北市場,450.0,450.0,450.0,450.0,3.0
115.06.15,N06,FR943,玫瑰-第一名粉,105,台北市場,550.0,540.0,520.0,538.0,10.0
115.06.15,N06,FR972,玫瑰-心動小紫,105,台北市場,750.0,750.0,750.0,750.0,8.0
115.06.15,N06,FR980,玫瑰-多朵雙色,105,台北市場,321.0,228.0,125.0,227.5,68.0
115.06.15,N06,FS010,香水百合-紅,105,台北市場,298.0,298.0,298.0,298.0,8.0
115.06.15,N06,FS012,香水百合-紅雙朵,105,台北市場,230.0,230.0,230.0,230.0,11.0
115.06.15,N06,FS013,香水百合-紅三朵,105,台北市場,244.0,244.0,243.0,243.7,30.0
115.06.15,N06,FS470,水晶香水,105,台北市場,330.0,330.0,300.0,328.0,15.0
115.06.15,N06,FS471,水晶香水-單朵,105,台北市場,200.0,200.0,200.0,200.0,20.0
115.06.15,N06,FS472,水晶香水-雙朵,105,台北市場,400.0,400.0,393.0,398.7,90.0
115.06.15,N06,FS473,水晶香水-三朵,105,台北市場,456.0,440.0,400.0,438.9,159.0
115.06.15,N06,FS479,水晶香水-多朵,105,台北市場,425.0,415.0,404.0,414.6,610.0
115.06.15,N06,FS630,OT曼尼薩,105,台北市場,424.0,424.0,424.0,424.0,10.0
115.06.15,N06,FS631,OT曼尼薩-單朵,105,台北市場,120.0,107.0,100.0,108.0,64.0
115.06.15,N06,FS632,OT曼尼薩-雙朵,105,台北市場,210.0,205.0,185.0,202.3,424.0
115.06.15,N06,FS633,OT曼尼薩-三朵,105,台北市場,429.0,392.0,360.0,392.9,143.0
115.06.15,N06,FS639,OT曼尼薩-多朵,105,台北市場,460.0,459.0,452.0,457.7,56.0
115.06.15,N06,FS772,OT百合-節奏舞者二朵,105,台北市場,230.0,228.0,220.0,226.9,53.0
115.06.15,N06,FS773,OT百合-節奏舞者三朵,105,台北市場,290.0,277.0,267.0,277.8,92.0
115.06.15,N06,FS779,OT百合-節奏舞者多朵,105,台北市場,302.0,291.0,273.0,289.3,132.0
115.06.15,N06,FS782,OT百合-貝維爾雙朵,105,台北市場,183.0,177.0,170.0,176.5,30.0
115.06.15,N06,FS783,OT百合-貝維爾三朵,105,台北市場,230.0,221.0,220.0,222.9,240.0
115.06.15,N06,FS789,OT百合-貝維爾多朵,105,台北市場,259.0,256.0,248.0,255.0,150.0
115.06.15,N06,FS853,OT瑪丹娜-三朵,105,台北市場,226.0,223.0,186.0,215.8,120.0
115.06.15,N06,FS859,OT瑪丹娜-多朵,105,台北市場,245.0,243.0,238.0,242.1,198.0
115.06.15,N06,FS870,OT大連,105,台北市場,225.0,198.0,174.0,198.4,55.0
115.06.15,N06,FS871,OT大連-單朵,105,台北市場,105.0,101.0,75.0,96.4,56.0
115.06.15,N06,FS872,OT大連-雙朵,105,台北市場,216.0,179.0,135.0,177.6,385.0
115.06.15,N06,FS873,OT大連-三朵,105,台北市場,278.0,236.0,197.0,236.8,687.0
115.06.15,N06,FS879,OT大連-多朵,105,台北市場,295.0,239.0,211.0,244.5,839.0
115.06.15,N06,FS890,OT帕雷諾,105,台北市場,236.0,236.0,236.0,236.0,7.0
115.06.15,N06,FS892,OT帕雷諾-雙朵,105,台北市場,149.0,109.0,105.0,116.5,134.0
115.06.15,N06,FS893,OT帕雷諾-三朵,105,台北市場,214.0,145.0,123.0,153.8,117.0
115.06.15,N06,FS899,OT帕雷諾-多朵,105,台北市場,241.0,228.0,135.0,210.7,42.0
115.06.15,N06,FS960,OT試金石,105,台北市場,222.0,222.0,222.0,222.0,9.0
115.06.15,N06,FS962,OT試金石-雙朵,105,台北市場,205.0,205.0,205.0,205.0,11.0
115.06.15,N06,FS963,OT試金石-三朵,105,台北市場,228.0,160.0,128.0,167.5,150.0
115.06.15,N06,FS969,OT試金石-多朵,105,台北市場,268.0,195.0,127.0,195.8,387.0
115.06.15,N06,FS970,OT紅福特,105,台北市場,221.0,212.0,212.0,213.8,10.0
115.06.15,N06,FS972,OT紅福特-雙朵,105,台北市場,194.0,145.0,125.0,150.9,118.0
115.06.15,N06,FS973,OT紅福特-三朵,105,台北市場,224.0,182.0,136.0,181.2,526.0
115.06.15,N06,FS979,OT紅福特-多朵,105,台北市場,266.0,216.0,165.0,215.5,1721.0
115.06.15,N06,FS982,OT百合-美麗果雙朵,105,台北市場,193.0,189.0,179.0,187.9,168.0
115.06.15,N06,FS983,OT百合-美麗果三朵,105,台北市場,241.0,241.0,215.0,235.8,90.0
115.06.15,N06,FS989,OT百合-美麗果多朵,105,台北市場,203.0,195.0,190.0,195.8,168.0
115.06.15,N06,FT061,鐵砲百合-白單朵,105,台北市場,170.0,127.0,82.0,126.8,70.0
115.06.15,N06,FT062,鐵砲百合-白雙朵,105,台北市場,105.0,105.0,105.0,105.0,10.0
115.06.15,N06,FT063,鐵砲百合-白三朵,105,台北市場,115.0,115.0,115.0,115.0,18.0
115.06.15,N06,FT663,鐵砲百合-雷山一號三朵,105,台北市場,160.0,160.0,160.0,160.0,17.0
115.06.15,N06,FU000,洋桔梗,105,台北市場,359.0,256.0,101.0,247.0,98.0
115.06.15,N06,FU141,洋桔梗-單瓣粉,105,台北市場,200.0,161.0,145.0,166.0,53.0
115.06.15,N06,FU151,洋吉梗-單瓣彩藍,105,台北市場,170.0,155.0,140.0,154.4,27.0
115.06.15,N06,FU171,洋桔梗-單瓣紫,105,台北市場,228.0,206.0,190.0,207.8,58.0
115.06.15,N06,FU211,洋桔梗-單瓣白紅邊,105,台北市場,232.0,232.0,232.0,232.0,24.0
115.06.15,N06,FU271,洋桔梗-單瓣白紫邊,105,台北市場,215.0,215.0,215.0,215.0,48.0
115.06.15,N06,FU402,洋桔梗-雙瓣(混色),105,台北市場,220.0,165.0,109.0,164.8,71.0
115.06.15,N06,FU412,洋桔梗-雙瓣紅,105,台北市場,402.0,180.0,180.0,222.0,37.0
115.06.15,N06,FU421,洋桔梗-小夏橘,105,台北市場,212.0,149.0,106.0,153.3,245.0
115.06.15,N06,FU432,洋桔梗-雙瓣黃,105,台北市場,330.0,298.0,280.0,301.4,63.0
115.06.15,N06,FU441,洋桔梗-順風粉,105,台北市場,178.0,170.0,138.0,164.9,74.0
115.06.15,N06,FU442,洋桔梗-雙瓣粉,105,台北市場,238.0,171.0,66.0,163.9,793.0
115.06.15,N06,FU449,洋桔梗-艾瑞娜彩粉,105,台北市場,262.0,230.0,121.0,214.7,170.0
115.06.15,N06,FU453,洋桔梗-雙瓣綠,105,台北市場,280.0,266.0,250.0,265.0,42.0
115.06.15,N06,FU457,洋桔梗-順風綠,105,台北市場,280.0,235.0,141.0,225.5,86.0
115.06.15,N06,FU459,洋桔梗-琥珀綠,105,台北市場,372.0,271.0,162.0,269.1,126.0
115.06.15,N06,FU462,洋桔梗-雙瓣白,105,台北市場,321.0,188.0,117.0,200.3,116.0
115.06.15,N06,FU465,洋桔梗-名人華麗白,105,台北市場,415.0,310.0,179.0,305.2,238.0
115.06.15,N06,FU469,洋桔梗-皇后白,105,台北市場,345.0,225.0,99.0,223.1,187.0
115.06.15,N06,FU471,洋桔梗-重瓣淺紫,105,台北市場,280.0,280.0,280.0,280.0,11.0
115.06.15,N06,FU472,洋桔梗-重瓣紫,105,台北市場,253.0,206.0,166.0,207.0,115.0
115.06.15,N06,FU478,洋桔梗-羅西娜紫,105,台北市場,346.0,240.0,172.0,248.0,133.0
115.06.15,N06,FU480,洋桔梗-順風紫,105,台北市場,70.0,67.0,60.0,66.2,34.0
115.06.15,N06,FU562,洋桔梗-珍妮白,105,台北市場,421.0,336.0,270.0,339.5,194.0
115.06.15,N06,FU563,洋桔梗-新禧４雪白,105,台北市場,270.0,270.0,270.0,270.0,6.0
115.06.15,N06,FU564,洋桔梗-斐諾白,105,台北市場,300.0,198.0,178.0,214.6,108.0
115.06.15,N06,FU572,洋桔梗-雙瓣白紫邊,105,台北市場,303.0,224.0,121.0,218.9,275.0
115.06.15,N06,FU641,洋桔梗-女王３彩粉,105,台北市場,299.0,221.0,72.0,206.1,232.0
115.06.15,N06,FU642,洋桔梗-斐諾淺粉,105,台北市場,235.0,180.0,113.0,177.8,425.0
115.06.15,N06,FU643,洋桔梗-順風淺粉,105,台北市場,290.0,290.0,290.0,290.0,16.0
115.06.15,N06,FU651,洋桔梗-典雅綠,105,台北市場,313.0,256.0,122.0,240.5,250.0
115.06.15,N06,FW172,補血草,105,台北市場,43.0,43.0,43.0,43.0,150.0
115.06.15,N06,FW240,粉孔雀,105,台北市場,65.0,60.0,55.0,60.2,177.0
115.06.15,N06,FW260,白孔雀,105,台北市場,175.0,175.0,175.0,175.0,40.0
115.06.15,N06,FW472,卡斯比亞-無葉,105,台北市場,89.0,80.0,74.0,80.8,300.0
115.06.15,N06,FW560,滿天星-白,105,台北市場,70.0,70.0,70.0,70.0,75.0
115.06.15,N06,FW600,水晶花-混合,105,台北市場,135.0,132.0,128.0,131.5,40.0
115.06.15,N06,FY000,切葉類,105,台北市場,69.0,25.0,13.0,31.4,640.0
115.06.15,N06,FY001,尤加利葉,105,台北市場,74.0,47.0,21.0,47.2,2332.0
115.06.15,N06,FY003,唐棉,105,台北市場,123.0,73.0,38.0,76.0,235.0
115.06.15,N06,FY004,黃椰心葉,105,台北市場,175.0,127.0,75.0,126.3,339.0
115.06.15,N06,FY009,電信蘭葉,105,台北市場,94.0,65.0,36.0,64.9,380.0
115.06.15,N06,FY015,葉蘭,105,台北市場,30.0,23.0,21.0,24.0,105.0
115.06.15,N06,FY017,八角金盤,105,台北市場,41.0,30.0,22.0,30.7,315.0
115.06.15,N06,FY021,扁柏,105,台北市場,39.0,33.0,28.0,32.9,1104.0
115.06.15,N06,FY030,新文竹,105,台北市場,90.0,90.0,90.0,90.0,30.0
115.06.15,N06,FY050,山蘇葉,105,台北市場,36.0,36.0,21.0,33.1,93.0
115.06.15,N06,FY057,百合竹,105,台北市場,9.0,6.0,5.0,6.3,1935.0
115.06.15,N06,FY071,雪松,105,台北市場,62.0,57.0,50.0,56.5,120.0
115.06.15,N06,FY084,火龍果,105,台北市場,127.0,104.0,79.0,103.6,452.0
115.06.15,N06,FY093,水燭葉,105,台北市場,23.0,22.0,21.0,22.0,140.0
115.06.15,N06,FY100,山防風,105,台北市場,240.0,216.0,210.0,220.0,108.0
115.06.15,N06,FY116,菖蒲,105,台北市場,10.0,9.0,7.0,9.0,3300.0
115.06.15,N06,FY117,香茅,105,台北市場,11.0,11.0,10.0,10.7,5302.0
115.06.15,N06,FY991,青竹,105,台北市場,90.0,61.0,45.0,65.0,18.0
115.06.15,N06,FY992,紅竹,105,台北市場,70.0,42.0,22.0,43.3,36.0
115.06.15,N06,FY993,白竹,105,台北市場,79.0,56.0,43.0,58.2,1162.0
115.06.15,N06,FY994,花竹,105,台北市場,60.0,60.0,60.0,60.0,20.0
115.06.15,N06,FY996,蓮花竹,105,台北市場,23.0,17.0,8.0,16.4,482.0
115.06.15,N06,IA000,進口康乃馨-中大輪,105,台北市場,105.0,101.0,100.0,101.9,78.0
115.06.15,N06,IA001,進口康乃馨-混合色,105,台北市場,133.0,84.0,62.0,89.3,930.0
115.06.15,N06,IA100,進口康乃馨-紅,105,台北市場,111.0,84.0,51.0,82.8,120.0
115.06.15,N06,IA104,進口康乃馨-櫻紅,105,台北市場,95.0,95.0,95.0,95.0,30.0
115.06.15,N06,IA200,進口康乃馨-橙,105,台北市場,100.0,100.0,100.0,100.0,30.0
115.06.15,N06,IA300,進口康乃馨-黃,105,台北市場,110.0,110.0,110.0,110.0,20.0
115.06.15,N06,IA400,進口康乃馨-粉,105,台北市場,132.0,126.0,68.0,115.6,292.0
115.06.15,N06,IA402,進口康乃馨-淺粉,105,台北市場,121.0,102.0,65.0,98.4,236.0
115.06.15,N06,IA606,進口康乃馨-黃帶紅,105,台北市場,95.0,95.0,95.0,95.0,30.0
115.06.15,N06,IA700,進口康乃馨-紫,105,台北市場,120.0,120.0,120.0,120.0,20.0
115.06.15,N06,IA985,繡球撫子-綠,105,台北市場,220.0,220.0,220.0,220.0,135.0
115.06.15,N06,IC000,進口大菊,105,台北市場,220.0,220.0,220.0,220.0,10.0
115.06.15,N06,IC200,進口大菊-金,105,台北市場,205.0,205.0,205.0,205.0,32.0
115.06.15,N06,IC800,進口染色大菊,105,台北市場,328.0,328.0,317.0,325.8,89.0
115.06.15,N06,IC801,進口染色大菊-國王,105,台北市場,182.0,177.0,171.0,176.6,194.0
115.06.15,N06,IC803,進口染色大菊-牡丹,105,台北市場,332.0,324.0,308.0,322.5,1056.0
115.06.15,N06,IH000,進口其它花卉,105,台北市場,276.0,224.0,131.0,215.2,352.0
115.06.15,N06,IH050,進口水仙百合-混色,105,台北市場,380.0,288.0,149.0,293.4,8.0
115.06.15,N06,IH051,進口水仙百合-紅,105,台北市場,250.0,250.0,250.0,250.0,5.0
115.06.15,N06,IH052,進口水仙百合-橙,105,台北市場,194.0,194.0,194.0,194.0,5.0
115.06.15,N06,IH053,進口水仙百合-黃,105,台北市場,430.0,239.0,151.0,259.4,20.0
115.06.15,N06,IH054,進口水仙百合-粉,105,台北市場,271.0,271.0,271.0,271.0,6.0
115.06.15,N06,IH056,進口水仙百合-白,105,台北市場,458.0,452.0,450.0,452.9,19.0
115.06.15,N06,IH170,進口狐尾百合,105,台北市場,322.0,295.0,252.0,292.0,128.0
115.06.15,N06,IH260,進口丹頂(蔥花),105,台北市場,142.0,55.0,50.0,71.4,852.0
115.06.15,N06,IH309,進口牡丹花,105,台北市場,474.0,343.0,257.0,351.7,360.0
115.06.15,N06,IH375,進口大飛燕草,105,台北市場,58.0,49.0,28.0,46.8,40.0
115.06.15,N06,IH390,進口泡盛草,105,台北市場,155.0,155.0,154.0,154.7,69.0
115.06.15,N06,IH418,進口愛麗絲-深藍色,105,台北市場,135.0,135.0,135.0,135.0,10.0
115.06.15,N06,IH443,進口小蒼蘭-黃色,105,台北市場,164.0,164.0,164.0,164.0,5.0
115.06.15,N06,IH446,進口小蒼蘭-白色,105,台北市場,180.0,180.0,180.0,180.0,5.0
115.06.15,N06,IH460,進口繡球花,105,台北市場,126.0,89.0,81.0,94.5,387.0
115.06.15,N06,IH461,繡球花-紅,105,台北市場,90.0,88.0,85.0,87.5,70.0
115.06.15,N06,IH464,繡球花-粉,105,台北市場,112.0,80.0,70.0,84.6,514.0
115.06.15,N06,IH465,繡球花-綠,105,台北市場,98.0,56.0,35.0,60.4,975.0
115.06.15,N06,IH466,繡球花-白,105,台北市場,70.0,66.0,62.0,65.9,2142.0
115.06.15,N06,IH467,繡球花-藍,105,台北市場,110.0,80.0,56.0,81.0,422.0
115.06.15,N06,IH468,繡球花-水藍,105,台北市場,124.0,114.0,110.0,115.4,195.0
115.06.15,N06,IH500,進口風信子,105,台北市場,151.0,150.0,150.0,150.5,19.0
115.06.15,N06,IH600,進口臘梅,105,台北市場,145.0,145.0,145.0,145.0,22.0
115.06.15,N06,IH610,進口鬱金香-混色,105,台北市場,133.0,88.0,50.0,89.2,30.0
115.06.15,N06,IH612,進口鬱金香-橙色,105,台北市場,308.0,188.0,155.0,205.3,45.0
115.06.15,N06,IH613,進口鬱金香-黃色,105,台北市場,208.0,197.0,149.0,189.4,50.0
115.06.15,N06,IH614,進口鬱金香-粉色,105,台北市場,341.0,330.0,300.0,326.7,73.0
115.06.15,N06,IH616,進口鬱金香-白色,105,台北市場,354.0,340.0,322.0,339.4,89.0
115.06.15,N06,IH617,進口鬱金香-紫色,105,台北市場,350.0,203.0,136.0,220.8,53.0
115.06.15,N06,IH730,進口黑種草,105,台北市場,121.0,120.0,98.0,115.8,55.0
115.06.15,N06,IO519,進口石斛蘭-深紅,105,台北市場,204.0,197.0,190.0,197.0,468.0
115.06.15,N06,IO540,進口石斛蘭-粉,105,台北市場,178.0,178.0,178.0,178.0,10.0
115.06.15,N06,IO541,進口石斛蘭-荷粉,105,台北市場,191.0,191.0,191.0,191.0,10.0
115.06.15,N06,IO560,進口石斛蘭-白,105,台北市場,245.0,238.0,230.0,237.5,40.0
115.06.15,N06,IR000,進口玫瑰,105,台北市場,220.0,220.0,220.0,220.0,4.0
115.06.15,N06,IR001,進口玫瑰-混合色,105,台北市場,641.0,455.0,121.0,424.7,34.0
115.06.15,N06,IR100,進口玫瑰-紅,105,台北市場,471.0,414.0,370.0,416.6,349.0
115.06.15,N06,IR105,進口玫瑰-櫻紅,105,台北市場,400.0,400.0,400.0,400.0,10.0
115.06.15,N06,IR200,進口玫瑰-橙,105,台北市場,323.0,323.0,323.0,323.0,4.0
115.06.15,N06,IR400,進口玫瑰-粉,105,台北市場,620.0,512.0,302.0,491.8,70.0
115.06.15,N06,IR600,進口玫瑰-白,105,台北市場,480.0,480.0,480.0,480.0,5.0
115.06.15,N06,IR800,進口玫瑰-雙色,105,台北市場,550.0,550.0,550.0,550.0,10.0
115.06.15,N06,IR900,進口玫瑰-多朵混合,105,台北市場,272.0,265.0,260.0,265.5,11.0
115.06.15,N06,IR940,進口玫瑰-多朵粉,105,台北市場,330.0,330.0,330.0,330.0,6.0
115.06.15,N06,IR980,進口玫瑰-多朵雙色,105,台北市場,288.0,220.0,220.0,235.0,18.0
115.06.15,N06,IW560,進口滿天星-白,105,台北市場,159.0,104.0,82.0,110.8,1468.0
115.06.15,N06,IW580,滿天星-染色,105,台北市場,165.0,108.0,98.0,117.6,679.0
115.06.15,N06,IY000,進口切葉類,105,台北市場,140.0,140.0,140.0,140.0,18.0
115.06.15,N06,rest,休市,109,台北一,0.0,0.0,0.0,0.0,0.0
115.06.15,N04,rest,休市,109,台北一,0.0,0.0,0.0,0.0,0.0
115.06.15,N04,rest,休市,220,板橋區,0.0,0.0,0.0,0.0,0.0
115.06.15,N06,rest,休市,220,板橋區,0.0,0.0,0.0,0.0,0.0
115.06.15,N06,rest,休市,241,三重區,0.0,0.0,0.0,0.0,0.0
115.06.15,N04,rest,休市,241,三重區,0.0,0.0,0.0,0.0,0.0
115.06.15,N04,rest,休市,260,宜蘭市,0.0,0.0,0.0,0.0,0.0
115.06.15,N06,rest,休市,260,宜蘭市,0.0,0.0,0.0,0.0,0.0
115.06.15,N06,rest,休市,338,桃農,0.0,0.0,0.0,0.0,0.0
115.06.15,N04,rest,休市,338,桃農,0.0,0.0,0.0,0.0,0.0
115.06.15,N06,rest,休市,400,台中市,0.0,0.0,0.0,0.0,0.0
115.06.15,N04,rest,休市,400,台中市,0.0,0.0,0.0,0.0,0.0
115.06.15,N06,rest,休市,420,豐原區,0.0,0.0,0.0,0.0,0.0
115.06.15,N04,rest,休市,420,豐原區,0.0,0.0,0.0,0.0,0.0
115.06.15,N04,FB1,花椰菜-青梗,514,溪湖鎮,39.2,35.0,17.0,32.3,5570.0
115.06.15,N04,FD1,花胡瓜,514,溪湖鎮,56.3,40.9,35.0,42.8,476.0
115.06.15,N04,FE1,冬瓜-白皮,514,溪湖鎮,25.0,25.0,20.1,24.0,147.0
115.06.15,N04,FF1,絲瓜,514,溪湖鎮,43.7,37.5,25.0,36.2,263.0
115.06.15,N04,FG1,苦瓜-白大米,514,溪湖鎮,52.5,32.7,20.0,34.1,497.0
115.06.15,N04,FG3,苦瓜-山苦瓜,514,溪湖鎮,30.0,30.0,30.0,30.0,30.0
115.06.15,N04,FH3,扁蒲-花蒲,514,溪湖鎮,20.0,13.3,10.0,14.0,200.0
115.06.15,N04,FM1,菜豆-白色,514,溪湖鎮,77.9,63.5,60.0,65.7,140.0
115.06.15,N04,FT1,南瓜-木瓜形,514,溪湖鎮,20.0,20.0,20.0,20.0,15.0
115.06.15,N04,FT7,南瓜-栗子,514,溪湖鎮,100.0,100.0,100.0,100.0,10.0
115.06.15,N04,LA1,甘藍-初秋,514,溪湖鎮,32.5,25.0,15.0,24.5,2000.0
115.06.15,N04,LA2,甘藍-改良種,514,溪湖鎮,25.0,20.0,15.0,20.0,3000.0
115.06.15,N04,LB1,小白菜-土白菜,514,溪湖鎮,25.5,20.0,10.0,19.1,901.0
115.06.15,N04,LC1,包心白-包白,514,溪湖鎮,19.2,11.6,7.5,12.3,3912.0
115.06.15,N04,LD1,青江白菜-小梗,514,溪湖鎮,20.0,15.0,10.0,15.0,900.0
115.06.15,N04,LF2,蕹菜-小葉,514,溪湖鎮,40.0,30.0,16.7,29.3,599.0
115.06.15,N04,LG2,芹菜-白梗,514,溪湖鎮,70.0,50.0,26.7,49.3,449.0
115.06.15,N04,LK2,芥藍菜,514,溪湖鎮,27.4,22.1,12.5,21.2,700.0
115.06.15,N04,LN1,油菜,514,溪湖鎮,20.1,15.0,10.0,15.0,900.0
115.06.15,N06,rest,休市,514,溪湖鎮,0.0,0.0,0.0,0.0,0.0
115.06.15,N04,SA32,蘿蔔-矸仔,514,溪湖鎮,10.0,8.4,6.6,8.4,3998.0
115.06.15,N04,SA9,蘿蔔-進口,514,溪湖鎮,16.4,11.5,7.5,11.7,3800.0
115.06.15,N04,SB1,胡蘿蔔-未洗,514,溪湖鎮,22.3,18.2,13.4,18.1,1034.0
115.06.15,N04,SD1,洋蔥-本產,514,溪湖鎮,18.6,15.0,11.4,15.0,1306.0
115.06.15,N04,SE6,青蔥-粉蔥,514,溪湖鎮,90.0,90.0,90.0,90.0,54.0
115.06.15,N04,SO0,甘薯-其他,514,溪湖鎮,21.6,18.5,15.4,18.5,1391.0
115.06.15,N04,SX1,芽菜類-綠豆芽,514,溪湖鎮,13.0,13.0,13.0,13.0,602.0
115.06.15,N06,rest,休市,540,南投市,0.0,0.0,0.0,0.0,0.0
115.06.15,N05,rest,休市,700,台南市場,0.0,0.0,0.0,0.0,0.0
115.06.15,N04,rest,休市,800,高雄市,0.0,0.0,0.0,0.0,0.0
115.06.15,N05,rest,休市,800,高雄市,0.0,0.0,0.0,0.0,0.0
115.06.15,N06,rest,休市,800,高雄市,0.0,0.0,0.0,0.0,0.0
115.06.15,N06,rest,休市,830,鳳山區,0.0,0.0,0.0,0.0,0.0
115.06.15,N04,rest,休市,830,鳳山區,0.0,0.0,0.0,0.0,0.0
115.06.15,N06,rest,休市,900,屏東市,0.0,0.0,0.0,0.0,0.0
115.06.15,N04,rest,休市,930,台東市,0.0,0.0,0.0,0.0,0.0
115.06.15,N06,rest,休市,930,台東市,0.0,0.0,0.0,0.0,0.0
115.06.14,N05,11,椰子,104,台北二,23.8,16.9,11.1,17.1,1023.0
115.06.14,N05,469,藍莓-進口,104,台北二,451.9,266.7,132.8,276.9,198.0
115.06.14,N05,50,百香果-其他,104,台北二,83.2,55.0,39.7,57.6,174.0
115.06.14,N05,51,百香果-改良種,104,台北二,146.8,82.0,36.7,85.9,2823.0
115.06.14,N05,70,小番茄-其他,104,台北二,76.8,66.4,51.4,65.5,502.0
115.06.14,N05,72,小番茄-聖女,104,台北二,94.1,89.1,68.8,86.0,2688.0
115.06.14,N05,74,小番茄-玉女,104,台北二,424.8,217.7,69.0,229.4,492.0
115.06.14,N05,811,紅龍果-白肉,104,台北二,84.8,50.6,26.9,52.7,4164.0
115.06.14,N05,812,紅龍果-紅肉,104,台北二,57.7,44.2,32.9,44.6,17023.0
115.06.14,N05,813,紅龍果-雙色紅龍果,104,台北二,129.8,78.1,44.0,81.6,580.0
115.06.14,N05,839,櫻桃-進口,104,台北二,416.8,238.2,134.9,253.2,2392.0
115.06.14,N05,859,榴槤-進口,104,台北二,122.9,86.7,86.7,93.9,350.0
115.06.14,N05,86,山竹,104,台北二,710.0,710.0,710.0,710.0,2.0
115.06.14,N05,869,山竹-進口,104,台北二,355.6,355.6,355.6,355.6,84.0
115.06.14,N05,91,其他,104,台北二,59.2,50.0,50.0,51.8,196.0
115.06.14,N05,919,其他-進口,104,台北二,186.6,186.6,186.6,186.6,5.0
115.06.14,N05,A0,香蕉-其他,104,台北二,7.0,7.0,7.0,7.0,136.0
115.06.14,N05,A1,香蕉,104,台北二,42.0,23.8,14.8,25.6,17418.0
115.06.14,N05,A2,香蕉-芭蕉紅芭蕉,104,台北二,74.1,37.6,21.4,41.7,2355.0
115.06.14,N05,A3,香蕉-旦蕉,104,台北二,45.0,45.0,45.0,45.0,30.0
115.06.14,N05,A4,香蕉-越旦,104,台北二,23.4,19.6,14.3,19.3,733.0
115.06.14,N05,B0,鳳梨-其他,104,台北二,25.0,25.0,25.0,25.0,124.0
115.06.14,N05,B2,鳳梨-金鑽鳳梨,104,台北二,42.6,23.2,13.8,25.2,24745.0
115.06.14,N05,B6,鳳梨-甜蜜蜜,104,台北二,31.5,22.6,17.1,23.3,4003.0
115.06.14,N05,C9,柑橘-進口,104,台北二,561.8,89.9,74.5,181.2,757.0
115.06.14,N05,E9,甜橙-進口,104,台北二,43.3,43.3,43.3,43.3,400.0
115.06.14,N05,F1,雜柑-檸檬,104,台北二,43.8,40.0,30.7,38.9,690.0
115.06.14,N05,F4,雜柑-桔子,104,台北二,124.4,99.7,60.3,96.8,103.0
115.06.14,N05,F5,雜柑-無子檸檬,104,台北二,54.7,42.8,27.0,42.0,2002.0
115.06.14,N05,F6,雜柑-黃金檸檬,104,台北二,40.8,31.8,17.1,30.7,193.0
115.06.14,N04,FA1,黃秋葵,104,台北二,125.5,77.4,44.8,80.5,1360.0
115.06.14,N04,FB1,花椰菜-青梗,104,台北二,77.4,38.7,21.8,43.1,1366.0
115.06.14,N04,FC1,胡瓜-黑刺,104,台北二,45.2,21.2,6.5,23.1,5583.0
115.06.14,N04,FD0,花胡瓜-其他,104,台北二,103.5,65.1,39.6,67.7,833.0
115.06.14,N04,FD1,花胡瓜,104,台北二,77.5,49.5,18.6,48.9,10577.0
115.06.14,N04,FE0,冬瓜-其他,104,台北二,14.0,12.0,10.0,12.0,40.0
115.06.14,N04,FE1,冬瓜-白皮,104,台北二,19.0,13.4,9.6,13.7,5120.0
115.06.14,N04,FF0,絲瓜-其他,104,台北二,46.2,30.7,21.9,32.0,2512.0
115.06.14,N04,FF1,絲瓜,104,台北二,56.5,37.9,20.2,38.1,7465.0
115.06.14,N04,FF2,絲瓜-角瓜,104,台北二,40.0,38.1,31.4,37.1,139.0
115.06.14,N04,FF4,絲瓜-長絲瓜,104,台北二,35.0,35.0,35.0,35.0,25.0
115.06.14,N04,FG0,苦瓜-其他,104,台北二,54.2,33.7,18.8,34.8,1901.0
115.06.14,N04,FG1,苦瓜-白大米,104,台北二,59.7,34.4,16.4,35.8,8075.0
115.06.14,N04,FG3,苦瓜-山苦瓜,104,台北二,45.4,23.2,10.0,25.0,138.0
115.06.14,N04,FG4,苦瓜-翠綠,104,台北二,38.2,20.9,12.1,22.6,344.0
115.06.14,N04,FH2,扁蒲-圓形,104,台北二,5.0,5.0,5.0,5.0,80.0
115.06.14,N04,FH3,扁蒲-花蒲,104,台北二,36.7,22.6,5.1,21.9,2899.0
115.06.14,N04,FH4,扁蒲-梨子蒲,104,台北二,44.7,22.6,10.4,24.6,2580.0
115.06.14,N04,FI0,茄子-其他,104,台北二,55.2,31.4,8.0,31.5,173.0
115.06.14,N04,FI2,茄子-麻荸茄,104,台北二,51.0,25.8,11.9,28.1,6277.0
115.06.14,N04,FI3,茄子-日本種,104,台北二,35.0,20.0,5.0,20.0,36.0
115.06.14,N04,FJ1,番茄-黑柿,104,台北二,62.1,30.2,5.0,31.6,453.0
115.06.14,N04,FJ3,番茄-牛番茄,104,台北二,85.0,65.2,29.9,62.1,10520.0
115.06.14,N04,FK0,甜椒-其他,104,台北二,15.0,11.2,10.0,11.7,59.0
115.06.14,N04,FK3,甜椒-新香,104,台北二,28.0,28.0,8.8,24.2,36.0
115.06.14,N04,FK40,甜椒-彩色種 其他,104,台北二,61.0,49.3,30.0,47.8,82.0
115.06.14,N04,FK41,甜椒-彩色種 紅色,104,台北二,70.9,64.4,37.3,60.2,865.0
115.06.14,N04,FK42,甜椒-彩色種 黃色,104,台北二,70.5,53.5,31.9,52.6,836.0
115.06.14,N04,FK5,甜椒-青椒,104,台北二,50.9,35.0,18.0,34.8,3031.0
115.06.14,N04,FK6,甜椒-水果彩椒,104,台北二,129.8,77.7,16.4,75.9,888.0
115.06.14,N04,FK94,甜椒-進口 彩色種,104,台北二,75.0,72.2,70.0,72.4,300.0
115.06.14,N04,FL9,豌豆-進口,104,台北二,130.0,130.0,130.0,130.0,124.0
115.06.14,N04,FL92,豌豆-進口 紅花,104,台北二,125.0,81.4,50.0,83.9,316.0
115.06.14,N04,FL96,豌豆-進口 甜豌豆,104,台北二,140.5,101.7,50.0,99.1,404.0
115.06.14,N04,FM2,菜豆-青色,104,台北二,98.2,60.7,37.8,63.6,2197.0
115.06.14,N04,FN1,敏豆-白豆,104,台北二,200.9,100.9,30.6,106.8,2012.0
115.06.14,N04,FN5,敏豆-醜豆,104,台北二,120.0,73.4,50.5,78.2,703.0
115.06.14,N04,FP3,鵲豆-肉豆,104,台北二,15.0,15.0,15.0,15.0,3.0
115.06.14,N04,FQ1,毛豆-豆莢,104,台北二,70.0,61.7,59.4,62.9,247.0
115.06.14,N04,FQ2,毛豆-豆仁,104,台北二,147.6,106.0,95.5,112.2,598.0
115.06.14,N04,FR1,青花苔,104,台北二,10.0,10.0,10.0,10.0,7.0
115.06.14,N04,FR9,青花苔-進口,104,台北二,78.4,69.8,50.9,67.7,7769.0
115.06.14,N04,FS1,越瓜-青色,104,台北二,10.0,8.2,8.0,8.5,200.0
115.06.14,N04,FT0,南瓜-其他,104,台北二,27.0,26.0,25.0,26.0,217.0
115.06.14,N04,FT11,南瓜-木瓜型 阿成,104,台北二,40.9,30.9,19.6,30.6,1989.0
115.06.14,N04,FT2,南瓜-圓形,104,台北二,27.3,22.7,18.2,22.7,1088.0
115.06.14,N04,FT5,南瓜-青如意,104,台北二,94.2,50.9,19.4,53.2,2291.0
115.06.14,N04,FT7,南瓜-栗子,104,台北二,50.8,13.7,10.0,20.4,258.0
115.06.14,N04,FT91,南瓜-進口 木瓜型,104,台北二,22.0,20.4,20.0,20.6,620.0
115.06.14,N04,FT97,南瓜-進口 栗子,104,台北二,40.4,33.1,24.5,32.8,1556.0
115.06.14,N04,FU1,隼人瓜,104,台北二,17.0,11.9,7.8,12.1,779.0
115.06.14,N04,FU2,隼人瓜-瓜苗,104,台北二,81.4,70.2,53.9,69.2,2935.0
115.06.14,N04,FV0,辣椒-其他,104,台北二,54.0,19.4,10.4,24.5,55.0
115.06.14,N04,FV1,辣椒-紅小,104,台北二,90.0,59.9,18.8,57.7,544.0
115.06.14,N04,FV2,辣椒-青小,104,台北二,75.0,62.3,26.7,57.7,118.0
115.06.14,N04,FV4,辣椒-朝天椒,104,台北二,80.6,33.7,12.3,38.8,1139.0
115.06.14,N04,FV6,辣椒-糯米椒,104,台北二,68.9,53.1,27.1,51.1,601.0
115.06.14,N04,FX1,花豆,104,台北二,5.0,5.0,5.0,5.0,10.0
115.06.14,N04,FY0,玉米-其他,104,台北二,119.2,49.9,38.4,61.4,456.0
115.06.14,N04,FY4,玉米-玉米筍,104,台北二,165.0,119.2,39.4,112.4,132.0
115.06.14,N04,FY41,玉米-玉米筍 帶殼,104,台北二,19.5,10.3,6.0,11.3,2024.0
115.06.14,N04,FY5,玉米-糯米黑,104,台北二,29.4,17.2,8.5,17.9,5690.0
115.06.14,N04,FY6,玉米-甜軟殼,104,台北二,36.2,22.1,9.4,22.4,12151.0
115.06.14,N04,FY8,玉米-白龍王,104,台北二,117.7,33.2,8.7,45.2,780.0
115.06.14,N04,FY9,玉米-進口,104,台北二,188.8,65.2,22.0,81.2,64.0
115.06.14,N04,FY94,玉米-進口 玉米筍,104,台北二,200.0,162.6,143.3,166.2,356.0
115.06.14,N04,FZ1,落花生-生,104,台北二,65.8,35.9,30.0,40.7,395.0
115.06.14,N05,G2,黃金果,104,台北二,99.7,70.8,45.8,71.6,354.0
115.06.14,N05,G3,酪梨,104,台北二,74.2,60.1,44.2,59.8,6486.0
115.06.14,N05,G49,奇異果-進口,104,台北二,139.4,102.1,58.2,100.8,4803.0
115.06.14,N05,G7,橄欖,104,台北二,18.0,17.4,11.0,16.2,32.0
115.06.14,N05,G9,波蘿蜜,104,台北二,16.2,9.1,7.4,10.2,959.0
115.06.14,N05,G91,榴槤蜜,104,台北二,18.6,13.8,11.7,14.3,179.0
115.06.14,N05,H49,葡萄柚-紅肉進口,104,台北二,80.0,80.0,80.0,80.0,10.0
115.06.14,N05,I1,木瓜-網室紅肉,104,台北二,44.7,27.9,17.4,29.2,21693.0
115.06.14,N05,I3,木瓜-日昇種,104,台北二,87.3,48.5,28.7,52.3,1510.0
115.06.14,N05,I4,木瓜-青木瓜,104,台北二,24.6,17.1,10.2,17.2,1705.0
115.06.14,N05,J0,荔枝-其他,104,台北二,232.3,97.0,68.5,118.4,454.0
115.06.14,N05,J1,荔枝-玉荷包,104,台北二,244.4,197.6,92.0,185.8,2968.0
115.06.14,N05,J2,荔枝-黑葉,104,台北二,138.7,105.3,69.3,104.8,5868.0
115.06.14,N05,J3,荔枝-糯米,104,台北二,220.0,138.0,94.9,145.8,239.0
115.06.14,N05,J4,荔枝-竹葉黑,104,台北二,112.9,69.4,41.7,72.6,1975.0
115.06.14,N05,K3,龍眼-粉殼,104,台北二,159.3,117.4,63.3,114.9,162.0
115.06.14,N04,LA0,甘藍-其他,104,台北二,15.0,15.0,15.0,15.0,1200.0
115.06.14,N04,LA1,甘藍-初秋,104,台北二,30.3,24.9,17.0,24.4,39630.0
115.06.14,N04,LA2,甘藍-改良種,104,台北二,24.1,22.0,17.8,21.6,25910.0
115.06.14,N04,LA4,甘藍-紫色,104,台北二,28.0,18.8,15.0,19.9,96.0
115.06.14,N04,LA5,甘藍-甘藍心,104,台北二,60.0,56.4,50.0,55.8,148.0
115.06.14,N04,LA6,甘藍-甘藍芽,104,台北二,60.7,40.4,16.0,39.6,316.0
115.06.14,N04,LA92,甘藍-進口 改良種,104,台北二,17.0,15.2,13.0,15.2,3692.0
115.06.14,N04,LB1,小白菜-土白菜,104,台北二,48.1,31.1,14.7,31.2,1781.0
115.06.14,N04,LB2,小白菜-蚵仔白,104,台北二,39.4,19.9,7.1,21.2,10969.0
115.06.14,N04,LB3,小白菜-奶油白,104,台北二,60.6,26.8,16.5,31.5,1205.0
115.06.14,N04,LB8,小白菜-水耕,104,台北二,125.0,123.3,105.0,120.0,72.0
115.06.14,N04,LC0,包心白-其他,104,台北二,100.0,100.0,96.4,99.3,132.0
115.06.14,N04,LC1,包心白-包白,104,台北二,19.2,12.5,5.8,12.5,5430.0
115.06.14,N04,LC90,包心白菜-進口 其他,104,台北二,110.0,90.6,63.1,89.0,968.0
115.06.14,N04,LC93,包心白菜-進口 包頭蓮 ,104,台北二,22.8,19.1,11.4,18.3,5745.0
115.06.14,N04,LD1,青江白菜-小梗,104,台北二,61.0,27.0,10.9,30.6,6873.0
115.06.14,N04,LE1,皇宮菜-小葉,104,台北二,85.9,55.7,22.3,55.1,984.0
115.06.14,N04,LE2,皇宮菜-大葉,104,台北二,47.3,24.9,18.3,28.0,115.0
115.06.14,N04,LF2,蕹菜-小葉,104,台北二,66.7,41.3,18.4,41.8,6529.0
115.06.14,N04,LF3,蕹菜-水蕹菜,104,台北二,95.0,74.5,20.0,67.7,1003.0
115.06.14,N04,LG2,芹菜-白梗,104,台北二,83.6,64.2,31.9,61.6,2379.0
115.06.14,N04,LG9,芹菜-進口,104,台北二,43.0,36.4,24.6,35.4,1090.0
115.06.14,N04,LH2,菠菜-角葉,104,台北二,57.9,33.1,19.6,35.4,2260.0
115.06.14,N04,LI0,萵苣菜-其他,104,台北二,134.8,52.7,22.0,63.0,208.0
115.06.14,N04,LI1,萵苣菜-廣東菜,104,台北二,70.0,43.6,25.1,45.2,162.0
115.06.14,N04,LI2,萵苣菜-結球萵,104,台北二,84.5,66.2,31.8,63.0,925.0
115.06.14,N04,LI3,萵苣菜-本島圓葉,104,台北二,63.3,45.0,18.7,43.4,1871.0
115.06.14,N04,LI5,萵苣菜-油麥菜,104,台北二,44.3,14.8,5.6,18.9,11905.0
115.06.14,N04,LI6,萵苣菜-蘿美,104,台北二,100.0,46.2,25.7,52.9,236.0
115.06.14,N04,LI72,萵苣菜-綠捲,104,台北二,25.0,25.0,25.0,25.0,30.0
115.06.14,N04,LI8,萵苣菜-水耕,104,台北二,110.0,97.2,76.2,95.6,1185.0
115.06.14,N04,LI9,萵苣菜-進口,104,台北二,100.0,87.1,71.0,86.5,150.0
115.06.14,N04,LI91,萵苣菜-進口 廣東萵,104,台北二,40.0,40.0,40.0,40.0,56.0
115.06.14,N04,LI92,萵苣菜-進口 結球萵,104,台北二,86.0,70.0,43.0,67.8,1577.0
115.06.14,N04,LI96,萵苣菜-進口 蘿美,104,台北二,70.0,54.4,45.0,55.7,258.0
115.06.14,N04,LJ3,芥菜-大芥菜,104,台北二,17.2,10.9,10.0,12.0,960.0
115.06.14,N04,LJ4,芥菜-小芥菜,104,台北二,38.1,22.8,12.2,23.7,765.0
115.06.14,N04,LK2,芥藍菜,104,台北二,34.1,20.2,10.0,21.0,1244.0
115.06.14,N04,LK3,芥藍菜-芥藍芽,104,台北二,140.3,47.3,14.8,59.4,2181.0
115.06.14,N04,LL2,茼蒿-山茼蒿,104,台北二,15.0,15.0,15.0,15.0,48.0
115.06.14,N04,LM1,莧菜-紅莧菜,104,台北二,47.0,36.8,27.0,36.9,223.0
115.06.14,N04,LM2,莧菜-白莧菜,104,台北二,44.2,28.8,18.2,29.8,4470.0
115.06.14,N04,LN1,油菜,104,台北二,39.2,26.2,4.8,24.5,2165.0
115.06.14,N04,LN2,油菜-小松菜,104,台北二,32.0,28.5,23.0,28.1,180.0
115.06.14,N04,LO1,甘薯葉,104,台北二,69.5,26.2,9.9,31.6,9766.0
115.06.14,N04,LP1,芫荽,104,台北二,144.0,90.0,39.9,90.8,1151.0
115.06.14,N04,LP2,九層塔,104,台北二,54.9,31.8,12.8,32.6,1670.0
115.06.14,N04,LQ1,紅鳳菜-紅鳳菜,104,台北二,71.7,39.9,15.5,41.4,728.0
115.06.14,N04,LT2,海菜-海帶,104,台北二,50.0,50.0,50.0,50.0,100.0
115.06.14,N04,LT3,海菜-水蓮,104,台北二,125.5,100.1,78.4,100.8,1248.0
115.06.14,N04,LV1,巴西利,104,台北二,28.0,8.6,6.0,12.0,96.0
115.06.14,N04,LX1,蕨菜-過貓,104,台北二,75.0,73.2,63.9,71.7,91.0
115.06.14,N04,LZ2,藤川七-川七葉,104,台北二,60.0,53.0,45.0,52.8,25.0
115.06.14,N04,MA0,洋菇-其他,104,台北二,52.0,52.0,52.0,52.0,6.0
115.06.14,N04,MA1,洋菇,104,台北二,226.6,167.0,167.0,178.9,53.0
115.06.14,N04,MA2,洋菇-盒裝,104,台北二,325.0,260.9,89.2,239.4,300.0
115.06.14,N04,MB1,草菇,104,台北二,130.0,130.0,130.0,130.0,1.0
115.06.14,N04,MC1,濕木耳,104,台北二,132.0,68.9,5.1,68.7,918.0
115.06.14,N04,MD1,濕香菇,104,台北二,150.5,114.4,77.5,114.2,1251.0
115.06.14,N04,ME1,金絲菇-金針菇,104,台北二,43.6,33.7,22.0,33.4,1105.0
115.06.14,N04,ME2,金絲菇-盒裝,104,台北二,36.6,32.0,32.0,33.0,886.0
115.06.14,N04,MI1,秀珍菇,104,台北二,97.0,90.2,68.0,87.1,264.0
115.06.14,N04,MJ1,杏鮑菇,104,台北二,98.1,76.7,36.8,73.0,2976.0
115.06.14,N04,MJ2,杏鮑菇-盒裝,104,台北二,130.0,130.0,130.0,130.0,22.0
115.06.14,N04,MK1,鴻喜菇,104,台北二,137.8,101.0,95.0,107.2,123.0
115.06.14,N04,MK2,鴻喜菇-盒裝,104,台北二,190.0,190.0,185.8,189.2,90.0
115.06.14,N04,ML1,珊瑚菇,104,台北二,120.0,120.0,120.0,120.0,4.0
115.06.14,N04,MN1,柳松菇,104,台北二,115.0,115.0,115.0,115.0,4.0
115.06.14,N04,MX1,其他菇類,104,台北二,221.7,121.9,81.0,133.7,444.0
115.06.14,N05,N0,李-其他,104,台北二,99.4,67.7,51.6,70.8,3017.0
115.06.14,N05,N2,李-桃接李,104,台北二,25.0,25.0,25.0,25.0,199.0
115.06.14,N05,N3,李-紅肉李,104,台北二,107.7,51.9,22.8,57.2,2679.0
115.06.14,N05,N4,李-黃肉李,104,台北二,50.0,41.9,30.1,41.2,216.0
115.06.14,N05,N5,李-加州李,104,台北二,60.1,28.1,18.0,32.5,315.0
115.06.14,N05,N6,李-泰安李,104,台北二,28.0,26.9,20.0,25.8,36.0
115.06.14,N05,N9,李-進口,104,台北二,210.0,210.0,210.0,210.0,50.0
115.06.14,N05,O0,梨-其他,104,台北二,62.8,54.8,43.6,54.2,355.0
115.06.14,N05,O10,梨-寶島甘露梨,104,台北二,76.6,64.7,55.0,65.1,91.0
115.06.14,N05,O2,梨-秋水梨,104,台北二,70.0,68.0,65.0,67.8,16.0
115.06.14,N05,O5,梨-豐水梨,104,台北二,136.1,87.6,52.2,90.2,3701.0
115.06.14,N05,O8,梨-4029梨,104,台北二,62.6,38.9,22.4,40.3,482.0
115.06.14,N04,OA2,鹹菜-帶葉,104,台北二,35.0,35.0,35.0,35.0,780.0
115.06.14,N04,OB1,雪里紅,104,台北二,30.0,30.0,30.0,30.0,180.0
115.06.14,N04,OD1,蘿蔔乾,104,台北二,35.0,35.0,30.7,34.1,232.0
115.06.14,N04,OE2,醃瓜-漬,104,台北二,47.0,46.3,46.0,46.4,60.0
115.06.14,N04,OG1,熟筍-桂竹筍,104,台北二,80.0,80.0,80.0,80.0,90.0
115.06.14,N04,OG2,熟筍-箭竹筍,104,台北二,80.0,80.0,80.0,80.0,100.0
115.06.14,N04,OI4,筍茸,104,台北二,35.0,35.0,35.0,35.0,180.0
115.06.14,N04,OL1,朴菜,104,台北二,35.0,35.0,35.0,35.0,24.0
115.06.14,N05,OV,梨-蜜梨,104,台北二,65.0,56.2,50.0,56.7,163.0
115.06.14,N04,OX1,其他,104,台北二,80.2,28.2,17.5,36.5,3809.0
115.06.14,N05,P1,番石榴-珍珠芭,104,台北二,47.6,28.5,15.6,29.8,24014.0
115.06.14,N05,P2,番石榴-紅心,104,台北二,90.7,80.2,46.7,75.6,211.0
115.06.14,N05,P3,番石榴-帝王芭,104,台北二,72.6,46.8,20.8,46.8,1967.0
115.06.14,N05,Q0,蓮霧-其他,104,台北二,433.6,279.6,215.0,297.5,22.0
115.06.14,N05,Q1,蓮霧-紅蓮霧,104,台北二,87.0,51.2,27.1,53.6,467.0
115.06.14,N05,Q2,蓮霧-子彈型,104,台北二,108.3,59.6,55.0,68.4,207.0
115.06.14,N05,Q5,蓮霧-黑糖芭比,104,台北二,320.0,129.1,58.0,153.0,1833.0
115.06.14,N05,R0,芒果-其他,104,台北二,73.8,33.3,23.4,39.4,400.0
115.06.14,N05,R1,芒果-愛文,104,台北二,80.7,50.0,32.2,52.6,68384.0
115.06.14,N05,R10,芒果-西施,104,台北二,75.1,44.7,30.3,47.9,588.0
115.06.14,N05,R2,芒果-玉文,104,台北二,71.8,50.5,27.9,50.2,1149.0
115.06.14,N05,R3,芒果-本島,104,台北二,137.3,33.8,17.1,51.1,815.0
115.06.14,N05,R31,芒果-夏雪,104,台北二,107.4,53.2,31.1,59.7,1383.0
115.06.14,N05,R5,芒果-黑香金興,104,台北二,70.3,36.8,23.3,40.8,414.0
115.06.14,N05,R6,芒果-金煌,104,台北二,61.9,43.9,29.5,44.6,5968.0
115.06.14,N05,R8,芒果-芒果青,104,台北二,34.4,27.0,15.0,26.0,1848.0
115.06.14,N05,S1,葡萄-巨峰,104,台北二,159.6,66.2,40.8,79.8,5138.0
115.06.14,N05,S49,葡萄-無子進口,104,台北二,96.3,91.1,86.7,91.2,570.0
115.06.14,N05,S9,葡萄-進口,104,台北二,1588.4,631.2,380.9,772.6,311.0
115.06.14,N04,SA3,蘿蔔-矸仔,104,台北二,6.5,4.6,4.0,4.8,4600.0
115.06.14,N04,SA4,蘿蔔-櫻桃,104,台北二,80.0,76.9,75.0,77.1,47.0
115.06.14,N04,SA7,蘿蔔-甜菜根,104,台北二,20.0,18.1,15.0,17.9,258.0
115.06.14,N04,SA9,蘿蔔-進口,104,台北二,17.5,16.4,13.9,16.2,14460.0
115.06.14,N04,SB1,胡蘿蔔-未洗,104,台北二,24.3,16.0,13.6,17.2,1576.0
115.06.14,N04,SB2,胡蘿蔔-清洗,104,台北二,23.6,15.8,10.5,16.3,10510.0
115.06.14,N04,SB9,胡蘿蔔-進口,104,台北二,31.0,31.0,31.0,31.0,60.0
115.06.14,N04,SC1,馬鈴薯-本產,104,台北二,28.9,20.7,11.3,20.5,5080.0
115.06.14,N04,SC9,馬鈴薯-進口,104,台北二,13.8,11.5,9.2,11.5,1260.0
115.06.14,N04,SD1,洋蔥-本產,104,台北二,26.3,19.5,17.6,20.5,8684.0
115.06.14,N04,SD9,洋蔥-進口,104,台北二,33.8,23.9,18.0,24.7,1748.0
115.06.14,N04,SE1,青蔥-日蔥,104,台北二,109.0,86.4,76.2,88.9,2105.0
115.06.14,N04,SE2,青蔥-北蔥,104,台北二,42.0,40.0,38.0,40.0,60.0
115.06.14,N04,SE5,青蔥-紅蔥頭,104,台北二,79.6,70.2,62.9,70.6,597.0
115.06.14,N04,SE6,青蔥-粉蔥,104,台北二,83.8,68.0,43.7,66.3,8184.0
115.06.14,N04,SF1,韭菜-白頭,104,台北二,75.0,57.9,43.9,58.6,672.0
115.06.14,N04,SF2,韭菜-韭菜黃,104,台北二,207.0,183.3,79.0,167.2,150.0
115.06.14,N04,SF3,韭菜-韭菜花,104,台北二,135.1,123.4,98.7,120.8,333.0
115.06.14,N04,SF4,韭菜-青頭,104,台北二,52.5,37.7,16.6,36.4,1497.0
115.06.14,N04,SG2,大蒜-軟梗,104,台北二,150.0,134.9,42.7,119.5,610.0
115.06.14,N04,SG4,大蒜-蔥蒜,104,台北二,30.0,30.0,30.0,30.0,11.0
115.06.14,N04,SG5,大蒜-蒜頭,104,台北二,102.5,57.8,32.8,61.8,336.0
115.06.14,N04,SG6,大蒜-蒜仁,104,台北二,100.0,95.1,85.0,94.1,1215.0
115.06.14,N04,SG7,大蒜-蒜瓣,104,台北二,207.9,68.3,20.9,86.8,432.0
115.06.14,N04,SG9,大蒜-進口,104,台北二,160.0,146.8,122.0,144.5,96.0
115.06.14,N04,SH1,竹筍-麻竹筍,104,台北二,74.8,50.4,40.0,53.2,810.0
115.06.14,N04,SH2,竹筍-綠竹筍,104,台北二,211.9,126.2,74.8,133.1,2722.0
115.06.14,N04,SH5,竹筍-烏殼綠,104,台北二,68.8,48.8,25.4,48.1,6999.0
115.06.14,N04,SH7,竹筍-去殼,104,台北二,40.0,40.0,40.0,40.0,252.0
115.06.14,N04,SJ2,芋-檳榔心芋,104,台北二,52.9,37.5,10.0,35.1,1201.0
115.06.14,N04,SJ3,芋-里芋,104,台北二,100.0,47.0,30.0,54.2,52.0
115.06.14,N04,SJ4,芋-芋莖,104,台北二,35.0,14.6,14.0,18.5,98.0
115.06.14,N04,SK2,荸薺-加工,104,台北二,70.0,70.0,70.0,70.0,20.0
115.06.14,N04,SL1,豆薯,104,台北二,17.8,14.3,12.0,14.5,745.0
115.06.14,N04,SM9,牛蒡-進口,104,台北二,32.0,32.0,32.0,32.0,150.0
115.06.14,N04,SN1,蓮藕,104,台北二,75.0,40.9,5.0,40.6,560.0
115.06.14,N04,SN2,蓮藕-蓮子,104,台北二,450.0,450.0,450.0,450.0,6.0
115.06.14,N04,SO0,甘薯-其他,104,台北二,39.5,24.9,14.1,25.7,300.0
115.06.14,N04,SO1,甘薯-臺農57號,104,台北二,21.7,9.1,4.8,10.8,3900.0
115.06.14,N04,SO2,甘薯-芋仔甘薯,104,台北二,20.2,12.0,8.7,13.0,385.0
115.06.14,N04,SO3,甘薯-臺農66號,104,台北二,18.3,11.5,7.3,12.0,6970.0
115.06.14,N04,SP0,薑-其他,104,台北二,60.0,60.0,60.0,60.0,23.0
115.06.14,N04,SP1,薑-老薑,104,台北二,179.8,137.4,98.8,138.2,937.0
115.06.14,N04,SP2,薑-嫩薑,104,台北二,112.8,93.2,78.6,94.2,1620.0
115.06.14,N04,SP4,薑-竹薑,104,台北二,75.0,71.9,70.0,72.1,126.0
115.06.14,N04,SQ1,茭白筍-帶殼,104,台北二,106.2,77.8,50.1,77.9,1913.0
115.06.14,N04,SQ3,茭白筍-去殼,104,台北二,205.2,153.0,99.4,152.7,977.0
115.06.14,N04,SU21,薯蕷-白薯蕷 人參,104,台北二,71.6,55.2,30.2,53.5,786.0
115.06.14,N04,SV1,蘆筍-白蘆筍,104,台北二,141.1,111.0,78.6,110.6,36.0
115.06.14,N04,SV2,蘆筍-綠蘆筍,104,台北二,154.8,90.4,65.0,98.2,282.0
115.06.14,N04,SV92,蘆筍-進口 綠蘆筍,104,台北二,242.6,175.6,99.4,173.7,1015.0
115.06.14,N04,SX0,芽菜類-其他,104,台北二,20.0,20.0,20.0,20.0,30.0
115.06.14,N04,SX1,芽菜類-綠豆芽,104,台北二,12.0,12.0,12.0,12.0,2070.0
115.06.14,N04,SX2,芽菜類-黃豆芽,104,台北二,20.0,20.0,20.0,20.0,330.0
115.06.14,N04,SX3,芽菜類-豌豆芽,104,台北二,97.8,89.1,85.0,90.0,108.0
115.06.14,N04,SX4,芽菜類-苜蓿芽,104,台北二,50.0,50.0,50.0,50.0,66.0
115.06.14,N04,SZ1,半天筍,104,台北二,90.0,90.0,90.0,90.0,3.0
115.06.14,N04,SZ7,晚香玉筍,104,台北二,71.0,54.5,50.0,56.9,34.0
115.06.14,N04,SZ8,香茅,104,台北二,51.6,34.8,26.1,36.4,352.0
115.06.14,N05,T0,西瓜-其他,104,台北二,31.5,10.8,10.0,14.8,1187.0
115.06.14,N05,T1,西瓜-大西瓜,104,台北二,26.5,26.5,26.5,26.5,13950.0
115.06.14,N05,T5,西瓜-黃肉,104,台北二,16.3,10.0,5.7,10.4,22904.0
115.06.14,N05,T8,西瓜-甜美人,104,台北二,18.5,14.1,8.6,13.9,2124.0
115.06.14,N05,V0,甜瓜-其他,104,台北二,146.4,100.0,53.6,100.0,66.0
115.06.14,N05,V1,甜瓜-美濃,104,台北二,39.1,29.6,22.0,30.0,300.0
115.06.14,N05,V2,甜瓜-溫室吊瓜,104,台北二,198.0,90.2,36.6,101.0,674.0
115.06.14,N05,W1,洋香瓜-網狀紅肉,104,台北二,5.0,5.0,5.0,5.0,15.0
115.06.14,N05,W2,洋香瓜-網狀綠肉,104,台北二,20.0,16.3,14.5,16.7,559.0
115.06.14,N05,W4,洋香瓜-新疆,104,台北二,106.0,82.7,56.8,82.2,1752.0
115.06.14,N05,W8,洋香瓜-阿露斯,104,台北二,117.3,85.4,40.7,82.8,1855.0
115.06.14,N05,W9,洋香瓜-進口,104,台北二,333.4,180.6,166.6,208.3,32.0
115.06.14,N05,X69,蘋果-富士進口,104,台北二,102.1,40.1,29.2,50.3,17678.0
115.06.14,N05,Y1,桃子-水蜜桃,104,台北二,127.4,99.8,65.8,98.5,886.0
115.06.14,N05,Y19,桃子-水蜜桃進口,104,台北二,300.7,213.8,95.0,207.4,290.0
115.06.14,N05,Y3,桃子-甜桃,104,台北二,60.0,55.0,50.0,55.0,12.0
115.06.14,N05,Y39,桃子-甜桃進口,104,台北二,351.9,317.6,283.4,317.6,862.0
115.06.14,N05,Y9,桃子-進口,104,台北二,370.3,166.1,66.7,187.0,3297.0
115.06.14,N05,rest,休市,105,台北市場,0.0,0.0,0.0,0.0,0.0
115.06.14,N05,11,椰子,109,台北一,24.4,16.2,12.0,17.0,447.0
115.06.14,N05,12,椰子-剝殼,109,台北一,36.0,27.5,20.0,27.7,200.0
115.06.14,N05,459,草莓-進口,109,台北一,200.0,200.0,200.0,200.0,20.0
115.06.14,N05,469,藍莓-進口,109,台北一,330.1,311.1,287.1,310.1,1401.0
115.06.14,N05,50,百香果-其他,109,台北一,35.0,20.4,20.0,23.2,37.0
115.06.14,N05,51,百香果-改良種,109,台北一,140.9,73.5,29.9,78.3,4253.0
115.06.14,N05,72,小番茄-聖女,109,台北一,78.1,68.4,55.1,67.7,8970.0
115.06.14,N05,74,小番茄-玉女,109,台北一,338.3,182.3,61.8,189.4,1454.0
115.06.14,N05,811,紅龍果-白肉,109,台北一,74.6,56.0,42.6,57.1,2366.0
115.06.14,N05,812,紅龍果-紅肉,109,台北一,51.8,42.1,27.2,41.0,17310.0
115.06.14,N05,813,紅龍果-雙色紅龍果,109,台北一,110.5,70.5,53.1,75.0,1012.0
115.06.14,N05,839,櫻桃-進口,109,台北一,565.1,276.5,209.9,320.9,7417.0
115.06.14,N05,859,榴槤-進口,109,台北一,127.0,99.0,80.0,100.8,1310.0
115.06.14,N05,869,山竹-進口,109,台北一,201.8,142.3,125.0,150.7,522.0
115.06.14,N05,87,紅毛丹,109,台北一,145.0,132.4,100.0,128.4,19.0
115.06.14,N05,91,其他,109,台北一,90.0,68.9,60.0,71.3,150.0
115.06.14,N05,919,其他-進口,109,台北一,88.9,78.0,66.7,77.9,1010.0
115.06.14,N05,A0,香蕉-其他,109,台北一,10.0,10.0,9.4,9.9,574.0
115.06.14,N05,A1,香蕉,109,台北一,38.3,25.4,15.3,26.0,16740.0
115.06.14,N05,A2,香蕉-芭蕉紅芭蕉,109,台北一,60.5,37.1,22.3,38.8,2176.0
115.06.14,N05,A3,香蕉-旦蕉,109,台北一,40.0,11.7,10.0,17.0,140.0
115.06.14,N05,A4,香蕉-越旦,109,台北一,21.4,14.3,10.1,14.9,699.0
115.06.14,N05,B0,鳳梨-其他,109,台北一,27.0,25.6,23.4,25.4,1330.0
115.06.14,N05,B2,鳳梨-金鑽鳳梨,109,台北一,44.8,23.7,14.1,26.0,40157.0
115.06.14,N05,B6,鳳梨-甜蜜蜜,109,台北一,31.3,20.8,13.3,21.4,4604.0
115.06.14,N05,C9,柑橘-進口,109,台北一,265.9,41.2,40.0,85.9,760.0
115.06.14,N05,E9,甜橙-進口,109,台北一,56.4,53.3,42.8,51.8,1893.0
115.06.14,N05,F0,雜柑-其他,109,台北一,10.0,10.0,10.0,10.0,9.0
115.06.14,N05,F1,雜柑-檸檬,109,台北一,57.0,35.4,20.5,36.8,1126.0
115.06.14,N05,F4,雜柑-桔子,109,台北一,73.3,51.3,39.6,53.4,479.0
115.06.14,N05,F5,雜柑-無子檸檬,109,台北一,63.9,41.7,25.6,42.9,4822.0
115.06.14,N05,F6,雜柑-黃金檸檬,109,台北一,45.0,16.4,10.0,20.9,116.0
115.06.14,N04,FA0,其他花類,109,台北一,90.0,90.0,90.0,90.0,30.0
115.06.14,N04,FA1,黃秋葵,109,台北一,139.4,79.7,32.5,82.2,2089.0
115.06.14,N04,FB1,花椰菜-青梗,109,台北一,86.2,36.2,16.2,42.2,5763.0
115.06.14,N04,FC1,胡瓜-黑刺,109,台北一,44.8,21.6,8.3,23.6,12652.0
115.06.14,N04,FD0,花胡瓜-其他,109,台北一,82.4,59.8,37.5,59.8,1337.0
115.06.14,N04,FD1,花胡瓜,109,台北一,77.6,50.7,24.3,50.8,24707.0
115.06.14,N04,FE1,冬瓜-白皮,109,台北一,22.7,18.6,10.1,17.7,6170.0
115.06.14,N04,FF0,絲瓜-其他,109,台北一,46.3,29.2,19.7,30.7,2246.0
115.06.14,N04,FF1,絲瓜,109,台北一,62.2,44.4,23.0,43.7,22836.0
115.06.14,N04,FF2,絲瓜-角瓜,109,台北一,74.6,54.0,22.7,51.8,1181.0
115.06.14,N04,FG0,苦瓜-其他,109,台北一,61.1,42.1,12.2,39.9,4091.0
115.06.14,N04,FG1,苦瓜-白大米,109,台北一,70.2,34.0,13.6,37.2,19670.0
115.06.14,N04,FG3,苦瓜-山苦瓜,109,台北一,56.2,31.9,16.0,33.6,139.0
115.06.14,N04,FG4,苦瓜-翠綠,109,台北一,72.1,29.2,11.0,34.2,1073.0
115.06.14,N04,FH2,扁蒲-圓形,109,台北一,4.0,4.0,4.0,4.0,40.0
115.06.14,N04,FH3,扁蒲-花蒲,109,台北一,37.6,17.6,5.8,19.2,8439.0
115.06.14,N04,FH4,扁蒲-梨子蒲,109,台北一,42.5,14.5,7.0,18.6,2910.0
115.06.14,N04,FI0,茄子-其他,109,台北一,26.0,24.8,10.0,22.1,102.0
115.06.14,N04,FI2,茄子-麻荸茄,109,台北一,63.3,36.3,18.2,38.1,11730.0
115.06.14,N04,FI3,茄子-日本種,109,台北一,84.2,35.2,12.4,40.5,428.0
115.06.14,N04,FJ1,番茄-黑柿,109,台北一,121.0,58.6,18.9,63.1,1360.0
115.06.14,N04,FJ3,番茄-牛番茄,109,台北一,85.5,56.2,33.6,57.5,24528.0
115.06.14,N04,FK0,甜椒-其他,109,台北一,15.0,15.0,15.0,15.0,20.0
115.06.14,N04,FK3,甜椒-新香,109,台北一,60.0,58.1,14.9,49.8,210.0
115.06.14,N04,FK40,甜椒-彩色種 其他,109,台北一,64.6,41.8,20.3,42.1,51.0
115.06.14,N04,FK41,甜椒-彩色種 紅色,109,台北一,82.7,57.6,37.8,58.7,2628.0
115.06.14,N04,FK42,甜椒-彩色種 黃色,109,台北一,82.7,60.8,33.4,59.7,2041.0
115.06.14,N04,FK5,甜椒-青椒,109,台北一,54.5,37.6,16.9,36.8,7603.0
115.06.14,N04,FK6,甜椒-水果彩椒,109,台北一,122.9,67.3,11.6,67.3,935.0
115.06.14,N04,FK94,甜椒-進口 彩色種,109,台北一,80.0,77.6,70.0,76.6,300.0
115.06.14,N04,FL92,豌豆-進口 紅花,109,台北一,160.0,127.0,11.6,110.6,448.0
115.06.14,N04,FL96,豌豆-進口 甜豌豆,109,台北一,170.0,147.4,23.0,127.0,666.0
115.06.14,N04,FM1,菜豆-白色,109,台北一,64.6,46.8,31.4,47.3,155.0
115.06.14,N04,FM2,菜豆-青色,109,台北一,95.0,59.4,37.0,62.1,4786.0
115.06.14,N04,FM3,菜豆-紅色,109,台北一,70.4,50.5,33.0,51.0,165.0
115.06.14,N04,FN1,敏豆-白豆,109,台北一,260.4,151.7,60.3,155.2,4411.0
115.06.14,N04,FN5,敏豆-醜豆,109,台北一,141.9,87.4,32.0,87.2,687.0
115.06.14,N04,FQ1,毛豆-豆莢,109,台北一,80.0,77.1,70.0,76.3,153.0
115.06.14,N04,FQ2,毛豆-豆仁,109,台北一,122.8,105.3,87.2,105.1,1063.0
115.06.14,N04,FR2,青花苔-青花筍,109,台北一,200.0,158.3,140.0,163.0,80.0
115.06.14,N04,FR9,青花苔-進口,109,台北一,74.9,67.0,58.8,66.9,14101.0
115.06.14,N04,FS1,越瓜-青色,109,台北一,5.0,5.0,5.0,5.0,40.0
115.06.14,N04,FT0,南瓜-其他,109,台北一,29.6,20.9,20.0,22.5,121.0
115.06.14,N04,FT11,南瓜-木瓜型 阿成,109,台北一,38.7,30.0,24.3,30.6,7138.0
115.06.14,N04,FT12,南瓜-木瓜型 阿嬌,109,台北一,25.5,24.5,24.0,24.6,640.0
115.06.14,N04,FT2,南瓜-圓形,109,台北一,28.6,24.5,21.2,24.7,2905.0
115.06.14,N04,FT3,南瓜-黃如意,109,台北一,245.3,123.7,19.9,127.3,166.0
115.06.14,N04,FT5,南瓜-青如意,109,台北一,85.1,45.6,12.2,46.8,5762.0
115.06.14,N04,FT6,南瓜-東昇,109,台北一,78.2,66.2,48.3,65.0,172.0
115.06.14,N04,FT7,南瓜-栗子,109,台北一,36.3,30.7,13.6,28.4,880.0
115.06.14,N04,FT72,南瓜-栗子 小黑,109,台北一,100.0,68.6,50.0,71.2,102.0
115.06.14,N04,FT90,南瓜-進口 其他,109,台北一,22.0,22.0,22.0,22.0,420.0
115.06.14,N04,FT96,南瓜-進口 東昇,109,台北一,30.0,30.0,30.0,30.0,36.0
115.06.14,N04,FT97,南瓜-進口 栗子,109,台北一,38.2,32.5,23.2,31.8,2503.0
115.06.14,N04,FU1,隼人瓜,109,台北一,27.2,18.6,7.1,18.0,884.0
115.06.14,N04,FU2,隼人瓜-瓜苗,109,台北一,77.4,70.4,61.3,70.0,6991.0
115.06.14,N04,FV0,辣椒-其他,109,台北一,60.8,22.6,15.0,28.7,39.0
115.06.14,N04,FV1,辣椒-紅小,109,台北一,105.0,53.4,26.6,58.3,1061.0
115.06.14,N04,FV2,辣椒-青小,109,台北一,80.1,60.6,40.2,60.4,340.0
115.06.14,N04,FV3,辣椒-雞心,109,台北一,70.0,66.7,65.0,67.0,5.0
115.06.14,N04,FV4,辣椒-朝天椒,109,台北一,82.3,43.8,23.4,47.4,2886.0
115.06.14,N04,FV6,辣椒-糯米椒,109,台北一,77.6,54.1,31.8,54.3,1591.0
115.06.14,N04,FW1,金針花,109,台北一,300.0,288.2,280.0,288.9,36.0
115.06.14,N04,FY0,玉米-其他,109,台北一,64.6,43.2,10.0,40.8,2414.0
115.06.14,N04,FY4,玉米-玉米筍,109,台北一,198.5,130.9,26.0,123.4,156.0
115.06.14,N04,FY41,玉米-玉米筍 帶殼,109,台北一,36.1,15.5,8.5,18.2,3593.0
115.06.14,N04,FY5,玉米-糯米黑,109,台北一,29.9,16.6,5.7,17.1,17870.0
115.06.14,N04,FY6,玉米-甜軟殼,109,台北一,35.8,22.3,11.6,22.9,24592.0
115.06.14,N04,FY8,玉米-白龍王,109,台北一,89.1,61.5,28.5,60.4,4332.0
115.06.14,N04,FY9,玉米-進口,109,台北一,180.0,180.0,180.0,180.0,106.0
115.06.14,N04,FY94,玉米-進口 玉米筍,109,台北一,203.3,189.0,103.5,174.8,549.0
115.06.14,N04,FZ1,落花生-生,109,台北一,60.6,43.5,40.0,46.2,535.0
115.06.14,N04,FZ2,落花生-熟,109,台北一,70.0,70.0,70.0,70.0,174.0
115.06.14,N05,G2,黃金果,109,台北一,83.5,58.6,32.6,58.4,714.0
115.06.14,N05,G3,酪梨,109,台北一,84.0,64.0,42.3,63.6,6709.0
115.06.14,N05,G39,酪梨-進口,109,台北一,151.5,151.5,151.5,151.5,605.0
115.06.14,N05,G49,奇異果-進口,109,台北一,128.8,106.8,80.8,106.0,7881.0
115.06.14,N05,G7,橄欖,109,台北一,6.0,6.0,6.0,6.0,24.0
115.06.14,N05,G9,波蘿蜜,109,台北一,25.9,8.8,5.3,11.5,1688.0
115.06.14,N05,G91,榴槤蜜,109,台北一,30.0,30.0,30.0,30.0,220.0
115.06.14,N05,H49,葡萄柚-紅肉進口,109,台北一,63.5,40.0,40.0,44.7,170.0
115.06.14,N05,I1,木瓜-網室紅肉,109,台北一,38.1,24.4,14.3,25.1,38084.0
115.06.14,N05,I3,木瓜-日昇種,109,台北一,48.4,34.0,23.7,34.8,2524.0
115.06.14,N05,I4,木瓜-青木瓜,109,台北一,25.0,15.1,9.4,15.9,2461.0
115.06.14,N05,J0,荔枝-其他,109,台北一,236.9,160.3,119.3,167.4,785.0
115.06.14,N05,J1,荔枝-玉荷包,109,台北一,233.1,177.0,126.1,178.1,3813.0
115.06.14,N05,J2,荔枝-黑葉,109,台北一,112.6,96.3,65.6,93.4,9736.0
115.06.14,N05,J3,荔枝-糯米,109,台北一,350.0,234.2,103.8,231.2,48.0
115.06.14,N05,J4,荔枝-竹葉黑,109,台北一,98.1,67.7,40.3,68.3,2213.0
115.06.14,N05,J5,荔枝-桂味,109,台北一,60.0,54.8,50.0,54.9,86.0
115.06.14,N05,K3,龍眼-粉殼,109,台北一,209.6,119.6,60.0,125.6,92.0
115.06.14,N04,LA1,甘藍-初秋,109,台北一,29.3,22.1,14.9,22.1,105406.0
115.06.14,N04,LA2,甘藍-改良種,109,台北一,25.2,20.0,14.2,19.9,47644.0
115.06.14,N04,LA4,甘藍-紫色,109,台北一,27.0,12.0,12.0,15.0,228.0
115.06.14,N04,LA5,甘藍-甘藍心,109,台北一,41.7,26.4,13.8,26.9,966.0
115.06.14,N04,LA6,甘藍-甘藍芽,109,台北一,72.2,54.5,17.5,50.6,573.0
115.06.14,N04,LA7,甘藍-改良尖,109,台北一,10.0,10.0,10.0,10.0,43.0
115.06.14,N04,LA92,甘藍-進口 改良種,109,台北一,20.4,12.7,7.0,13.1,6684.0
115.06.14,N04,LB1,小白菜-土白菜,109,台北一,48.6,30.7,15.8,31.3,2824.0
115.06.14,N04,LB2,小白菜-蚵仔白,109,台北一,43.2,24.6,7.8,25.0,18688.0
115.06.14,N04,LB3,小白菜-奶油白,109,台北一,53.8,25.2,14.4,28.8,2407.0
115.06.14,N04,LC1,包心白-包白,109,台北一,25.2,12.1,7.2,13.7,20652.0
115.06.14,N04,LC90,包心白菜-進口 其他,109,台北一,93.5,61.5,53.9,66.4,1995.0
115.06.14,N04,LC93,包心白菜-進口 包頭蓮 ,109,台北一,28.4,23.7,17.4,23.4,11805.0
115.06.14,N04,LD1,青江白菜-小梗,109,台北一,51.4,28.4,6.8,28.7,14956.0
115.06.14,N04,LE1,皇宮菜-小葉,109,台北一,122.3,67.2,27.3,70.2,953.0
115.06.14,N04,LE2,皇宮菜-大葉,109,台北一,29.9,21.3,13.7,21.5,296.0
115.06.14,N04,LF1,蕹菜-大葉,109,台北一,5.0,5.0,5.0,5.0,9.0
115.06.14,N04,LF2,蕹菜-小葉,109,台北一,92.5,56.6,29.2,58.3,7408.0
115.06.14,N04,LF3,蕹菜-水蕹菜,109,台北一,101.0,95.4,52.0,87.8,1488.0
115.06.14,N04,LG2,芹菜-白梗,109,台北一,88.8,61.3,32.0,60.9,4384.0
115.06.14,N04,LG9,芹菜-進口,109,台北一,50.0,36.1,15.4,34.7,2210.0
115.06.14,N04,LH2,菠菜-角葉,109,台北一,106.2,33.9,9.6,43.5,5800.0
115.06.14,N04,LI0,萵苣菜-其他,109,台北一,203.3,93.3,18.5,100.4,908.0
115.06.14,N04,LI1,萵苣菜-廣東菜,109,台北一,50.0,45.8,21.5,41.8,143.0
115.06.14,N04,LI2,萵苣菜-結球萵,109,台北一,89.8,65.3,47.4,66.6,1197.0
115.06.14,N04,LI3,萵苣菜-本島圓葉,109,台北一,61.7,47.1,24.2,45.4,2891.0
115.06.14,N04,LI5,萵苣菜-油麥菜,109,台北一,32.8,14.3,9.0,17.0,19911.0
115.06.14,N04,LI6,萵苣菜-蘿美,109,台北一,80.0,56.3,28.2,55.4,351.0
115.06.14,N04,LI71,萵苣菜-紅捲,109,台北一,113.7,63.1,17.7,64.1,73.0
115.06.14,N04,LI72,萵苣菜-綠捲,109,台北一,50.0,22.4,10.0,25.4,134.0
115.06.14,N04,LI8,萵苣菜-水耕,109,台北一,104.7,92.0,63.4,88.8,1995.0
115.06.14,N04,LI91,萵苣菜-進口 廣東萵,109,台北一,55.0,53.5,48.0,52.7,80.0
115.06.14,N04,LI92,萵苣菜-進口 結球萵,109,台北一,108.8,77.1,59.2,79.9,3178.0
115.06.14,N04,LI96,萵苣菜-進口 蘿美,109,台北一,145.0,110.1,10.0,97.0,445.0
115.06.14,N04,LJ3,芥菜-大芥菜,109,台北一,19.4,11.6,7.8,12.4,1360.0
115.06.14,N04,LJ4,芥菜-小芥菜,109,台北一,38.9,32.9,19.4,31.4,310.0
115.06.14,N04,LK2,芥藍菜,109,台北一,46.9,24.6,6.8,25.5,1763.0
115.06.14,N04,LK3,芥藍菜-芥藍芽,109,台北一,98.0,47.0,26.8,53.1,3776.0
115.06.14,N04,LM1,莧菜-紅莧菜,109,台北一,60.0,42.8,32.0,44.1,448.0
115.06.14,N04,LM2,莧菜-白莧菜,109,台北一,48.2,37.0,25.8,37.0,9066.0
115.06.14,N04,LN1,油菜,109,台北一,39.4,25.0,9.3,24.8,7145.0
115.06.14,N04,LN2,油菜-小松菜,109,台北一,49.4,33.6,20.1,34.0,940.0
115.06.14,N04,LO1,甘薯葉,109,台北一,51.4,27.7,13.2,29.6,18509.0
115.06.14,N04,LP1,芫荽,109,台北一,128.8,62.0,11.3,65.2,2559.0
115.06.14,N04,LP2,九層塔,109,台北一,42.0,34.1,17.5,32.4,2357.0
115.06.14,N04,LQ1,紅鳳菜-紅鳳菜,109,台北一,79.2,58.3,40.1,58.8,1277.0
115.06.14,N04,LT2,海菜-海帶,109,台北一,50.0,50.0,50.0,50.0,72.0
115.06.14,N04,LT3,海菜-水蓮,109,台北一,140.0,123.1,65.2,114.9,2739.0
115.06.14,N04,LV1,巴西利,109,台北一,81.7,15.4,10.0,27.6,402.0
115.06.14,N04,LX1,蕨菜-過貓,109,台北一,89.0,76.2,52.4,74.0,598.0
115.06.14,N04,LX2,蕨菜-山蘇,109,台北一,284.5,205.2,132.7,206.5,158.0
115.06.14,N04,LZ2,藤川七-川七葉,109,台北一,266.9,72.4,40.0,104.8,104.0
115.06.14,N04,MA1,洋菇,109,台北一,180.0,180.0,137.9,171.6,171.0
115.06.14,N04,MA2,洋菇-盒裝,109,台北一,350.0,281.0,125.1,263.6,338.0
115.06.14,N04,MB1,草菇,109,台北一,130.0,130.0,130.0,130.0,16.0
115.06.14,N04,MC1,濕木耳,109,台北一,128.2,56.1,7.3,60.8,603.0
115.06.14,N04,MD1,濕香菇,109,台北一,150.0,111.4,64.7,109.8,2025.0
115.06.14,N04,ME0,金絲菇-其他,109,台北一,43.0,43.0,43.0,43.0,3.0
115.06.14,N04,ME1,金絲菇-金針菇,109,台北一,41.8,8.4,5.0,14.4,1656.0
115.06.14,N04,ME2,金絲菇-盒裝,109,台北一,38.0,33.4,31.2,33.9,939.0
115.06.14,N04,MF1,蠔菇-鮑魚菇,109,台北一,55.0,55.0,55.0,55.0,75.0
115.06.14,N04,MI1,秀珍菇,109,台北一,95.0,72.2,63.5,75.0,306.0
115.06.14,N04,MJ1,杏鮑菇,109,台北一,92.1,64.8,21.2,61.5,5085.0
115.06.14,N04,MK0,鴻喜菇-其他,109,台北一,220.0,166.4,120.0,167.8,115.0
115.06.14,N04,MK1,鴻喜菇,109,台北一,90.0,85.5,85.0,86.3,93.0
115.06.14,N04,MK2,鴻喜菇-盒裝,109,台北一,230.0,218.1,190.6,215.0,144.0
115.06.14,N04,MX1,其他菇類,109,台北一,214.0,115.8,91.6,130.6,444.0
115.06.14,N05,N0,李-其他,109,台北一,85.2,50.5,26.7,52.7,2453.0
115.06.14,N05,N2,李-桃接李,109,台北一,60.0,48.4,35.0,48.0,615.0
115.06.14,N05,N3,李-紅肉李,109,台北一,115.0,52.4,21.8,58.8,3577.0
115.06.14,N05,N6,李-泰安李,109,台北一,59.1,44.8,31.8,45.0,546.0
115.06.14,N05,O10,梨-寶島甘露梨,109,台北一,120.0,120.0,120.0,120.0,48.0
115.06.14,N05,O2,梨-秋水梨,109,台北一,67.9,49.4,31.7,49.6,803.0
115.06.14,N05,O5,梨-豐水梨,109,台北一,104.4,54.4,37.5,61.0,8071.0
115.06.14,N05,O8,梨-4029梨,109,台北一,82.1,62.4,33.8,60.6,1040.0
115.06.14,N04,OA2,鹹菜-帶葉,109,台北一,35.0,35.0,35.0,35.0,270.0
115.06.14,N04,OB1,雪里紅,109,台北一,16.2,14.0,14.0,14.4,1720.0
115.06.14,N04,OC1,榨菜,109,台北一,33.0,33.0,33.0,33.0,36.0
115.06.14,N04,OD1,蘿蔔乾,109,台北一,33.0,33.0,33.0,33.0,240.0
115.06.14,N04,OE2,醃瓜-漬,109,台北一,38.0,38.0,38.0,38.0,105.0
115.06.14,N04,OG1,熟筍-桂竹筍,109,台北一,80.0,80.0,80.0,80.0,80.0
115.06.14,N04,OI4,筍茸,109,台北一,28.0,28.0,28.0,28.0,264.0
115.06.14,N04,OL1,朴菜,109,台北一,30.0,30.0,30.0,30.0,24.0
115.06.14,N04,OX1,其他,109,台北一,147.5,23.8,16.1,47.0,4330.0
115.06.14,N05,P1,番石榴-珍珠芭,109,台北一,43.2,29.3,16.2,29.4,44119.0
115.06.14,N05,P2,番石榴-紅心,109,台北一,54.5,39.6,20.7,38.8,1800.0
115.06.14,N05,P3,番石榴-帝王芭,109,台北一,120.5,41.5,19.8,53.0,2500.0
115.06.14,N05,P5,番石榴-水晶無子,109,台北一,104.7,67.0,33.7,67.9,185.0
115.06.14,N05,Q0,蓮霧-其他,109,台北一,180.0,102.1,65.6,110.4,213.0
115.06.14,N05,Q1,蓮霧-紅蓮霧,109,台北一,123.6,46.6,29.6,58.6,672.0
115.06.14,N05,Q2,蓮霧-子彈型,109,台北一,75.2,42.8,22.4,45.2,1425.0
115.06.14,N05,Q4,蓮霧-巴掌蓮霧,109,台北一,52.7,25.0,25.0,30.6,604.0
115.06.14,N05,Q5,蓮霧-黑糖芭比,109,台北一,214.8,99.0,48.2,112.0,3316.0
115.06.14,N05,R0,芒果-其他,109,台北一,62.6,39.0,29.8,41.9,5732.0
115.06.14,N05,R1,芒果-愛文,109,台北一,92.3,52.1,32.5,56.2,56950.0
115.06.14,N05,R10,芒果-西施,109,台北一,77.0,61.3,49.3,62.0,732.0
115.06.14,N05,R2,芒果-玉文,109,台北一,58.9,41.2,31.1,42.7,3265.0
115.06.14,N05,R3,芒果-本島,109,台北一,117.4,62.9,23.0,65.8,452.0
115.06.14,N05,R31,芒果-夏雪,109,台北一,94.4,57.2,36.7,60.5,408.0
115.06.14,N05,R5,芒果-黑香金興,109,台北一,54.4,44.4,30.3,43.6,1734.0
115.06.14,N05,R6,芒果-金煌,109,台北一,53.3,35.4,26.3,37.2,4568.0
115.06.14,N05,R8,芒果-芒果青,109,台北一,41.9,22.9,10.2,24.2,2861.0
115.06.14,N05,S1,葡萄-巨峰,109,台北一,230.0,62.8,39.2,91.5,5269.0
115.06.14,N05,S9,葡萄-進口,109,台北一,852.4,68.5,53.3,222.3,778.0
115.06.14,N04,SA3,蘿蔔-矸仔,109,台北一,16.5,6.2,4.4,7.9,13916.0
115.06.14,N04,SA9,蘿蔔-進口,109,台北一,18.1,16.8,13.6,16.4,23575.0
115.06.14,N04,SB1,胡蘿蔔-未洗,109,台北一,19.0,15.1,14.8,15.8,2025.0
115.06.14,N04,SB2,胡蘿蔔-清洗,109,台北一,24.0,15.4,10.9,16.2,25889.0
115.06.14,N04,SB9,胡蘿蔔-進口,109,台北一,30.0,30.0,30.0,30.0,200.0
115.06.14,N04,SC1,馬鈴薯-本產,109,台北一,29.9,20.2,8.8,19.8,8843.0
115.06.14,N04,SC9,馬鈴薯-進口,109,台北一,26.3,18.6,8.8,18.2,1024.0
115.06.14,N04,SD1,洋蔥-本產,109,台北一,25.0,19.4,16.0,19.8,7350.0
115.06.14,N04,SD9,洋蔥-進口,109,台北一,31.0,28.2,15.8,26.3,3954.0
115.06.14,N04,SE1,青蔥-日蔥,109,台北一,105.4,83.7,67.1,84.8,3481.0
115.06.14,N04,SE2,青蔥-北蔥,109,台北一,42.5,39.4,31.6,38.5,295.0
115.06.14,N04,SE5,青蔥-紅蔥頭,109,台北一,90.9,77.3,52.7,75.1,165.0
115.06.14,N04,SE6,青蔥-粉蔥,109,台北一,87.4,74.6,44.9,71.2,15689.0
115.06.14,N04,SF1,韭菜-白頭,109,台北一,64.2,49.7,40.0,50.7,626.0
115.06.14,N04,SF2,韭菜-韭菜黃,109,台北一,250.0,187.5,119.2,186.3,940.0
115.06.14,N04,SF3,韭菜-韭菜花,109,台北一,100.4,100.0,95.9,99.3,769.0
115.06.14,N04,SF4,韭菜-青頭,109,台北一,66.1,40.3,14.0,40.2,4122.0
115.06.14,N04,SG2,大蒜-軟梗,109,台北一,170.9,166.3,117.1,157.4,1120.0
115.06.14,N04,SG4,大蒜-蔥蒜,109,台北一,60.0,42.1,23.6,42.0,715.0
115.06.14,N04,SG5,大蒜-蒜頭,109,台北一,138.4,62.3,40.4,73.2,448.0
115.06.14,N04,SG6,大蒜-蒜仁,109,台北一,90.0,90.0,90.0,90.0,627.0
115.06.14,N04,SG7,大蒜-蒜瓣,109,台北一,265.0,117.6,27.6,129.1,371.0
115.06.14,N04,SG9,大蒜-進口,109,台北一,65.0,65.0,65.0,65.0,72.0
115.06.14,N04,SH1,竹筍-麻竹筍,109,台北一,68.1,61.4,47.7,60.0,1133.0
115.06.14,N04,SH2,竹筍-綠竹筍,109,台北一,185.0,123.1,65.3,123.9,7603.0
115.06.14,N04,SH5,竹筍-烏殼綠,109,台北一,67.5,45.4,27.6,46.3,17787.0
115.06.14,N04,SH7,竹筍-去殼,109,台北一,38.0,35.0,26.8,34.0,1037.0
115.06.14,N04,SJ2,芋-檳榔心芋,109,台北一,47.7,31.1,15.1,31.2,3381.0
115.06.14,N04,SJ3,芋-里芋,109,台北一,80.0,50.7,50.0,56.4,61.0
115.06.14,N04,SJ4,芋-芋莖,109,台北一,15.0,15.0,15.0,15.0,60.0
115.06.14,N04,SK1,荸薺,109,台北一,65.0,65.0,65.0,65.0,40.0
115.06.14,N04,SK2,荸薺-加工,109,台北一,65.0,65.0,65.0,65.0,280.0
115.06.14,N04,SL1,豆薯,109,台北一,25.6,19.1,15.0,19.6,1980.0
115.06.14,N04,SM1,牛蒡,109,台北一,45.0,45.0,45.0,45.0,180.0
115.06.14,N04,SN1,蓮藕,109,台北一,60.2,49.9,15.3,45.0,2015.0
115.06.14,N04,SN2,蓮藕-蓮子,109,台北一,230.0,230.0,230.0,230.0,18.0
115.06.14,N04,SO0,甘薯-其他,109,台北一,55.0,34.0,14.0,34.2,385.0
115.06.14,N04,SO1,甘薯-臺農57號,109,台北一,25.6,12.8,4.4,13.7,5865.0
115.06.14,N04,SO2,甘薯-芋仔甘薯,109,台北一,24.4,15.7,9.5,16.2,775.0
115.06.14,N04,SO3,甘薯-臺農66號,109,台北一,23.9,12.5,7.8,13.9,8985.0
115.06.14,N04,SP0,薑-其他,109,台北一,50.0,41.8,30.0,41.1,36.0
115.06.14,N04,SP1,薑-老薑,109,台北一,143.0,112.7,71.1,110.4,1490.0
115.06.14,N04,SP2,薑-嫩薑,109,台北一,100.0,87.2,71.2,86.6,3798.0
115.06.14,N04,SP3,薑-粉薑,109,台北一,100.0,98.2,80.0,95.0,594.0
